{
"version" : "1.8.3",
"profile" : "MessageContent",
"tables":
[
		{
			"title":"MSH : Message Header",
			"elements" : 
			[
				{"location" : "MSH.1", "dataelement" : "Field Separator", "data" : "|", "categorization"
: "Value-Profile Fixed"},
				{"location" : "MSH.2", "dataelement" : "Encoding Characters", "data" : "^~\&amp;",
"categorization" : "Value-Profile Fixed"},
				{"location" : "MSH.3", "dataelement" : "Sending Application", "data" : "", "categorization"
: ""},
							{"location" : "MSH.3.1", "dataelement" : "Namespace ID", "data" : "NISTEHRAPP",
"categorization" : "Presence-Configuration"},
							{"location" : "MSH.3.2", "dataelement" : "Universal ID", "data" : "2.16.840.1.113883.3.72.5.40.1",
"categorization" : "Presence-Test Case Proper"},
							{"location" : "MSH.3.3", "dataelement" : "Universal ID Type", "data" : "ISO",
"categorization" : "Value-Profile Fixed"},
				{"location" : "MSH.4", "dataelement" : "Sending Facility", "data" : "", "categorization"
: ""},
							{"location" : "MSH.4.1", "dataelement" : "Namespace ID", "data" : "NISTEHRFAC",
"categorization" : "Presence-Configuration"},
							{"location" : "MSH.4.2", "dataelement" : "Universal ID", "data" : "2.16.840.1.113883.3.72.5.40.2",
"categorization" : "Presence-Test Case Proper"},
							{"location" : "MSH.4.3", "dataelement" : "Universal ID Type", "data" : "ISO",
"categorization" : "Value-Profile Fixed"},
				{"location" : "MSH.5", "dataelement" : "Receiving Application", "data" : "", "categorization"
: ""},
							{"location" : "MSH.5.1", "dataelement" : "Namespace ID", "data" : "NISTIISAPP",
"categorization" : "Presence-Configuration"},
							{"location" : "MSH.5.2", "dataelement" : "Universal ID", "data" : "2.16.840.1.113883.3.72.5.40.3",
"categorization" : "Presence-Test Case Proper"},
							{"location" : "MSH.5.3", "dataelement" : "Universal ID Type", "data" : "ISO",
"categorization" : "Value-Profile Fixed"},
				{"location" : "MSH.6", "dataelement" : "Receiving Facility", "data" : "", "categorization"
: ""},
							{"location" : "MSH.6.1", "dataelement" : "Namespace ID", "data" : "NISTIISFAC",
"categorization" : "Presence-Configuration"},
							{"location" : "MSH.6.2", "dataelement" : "Universal ID", "data" : "2.16.840.1.113883.3.72.5.40.4",
"categorization" : "Presence-Test Case Proper"},
							{"location" : "MSH.6.3", "dataelement" : "Universal ID Type", "data" : "ISO",
"categorization" : "Value-Profile Fixed"},
				{"location" : "MSH.7", "dataelement" : "Date/Time Of Message", "data" : "", "categorization"
: ""},
							{"location" : "MSH.7.1", "dataelement" : "Time", "data" : "20150625103328.757-0500",
"categorization" : "Presence-System Generated"},
				{"location" : "MSH.9", "dataelement" : "Message Type", "data" : "", "categorization"
: ""},
							{"location" : "MSH.9.1", "dataelement" : "Message Code", "data" : "VXU", "categorization"
: "Value-Profile Fixed"},
							{"location" : "MSH.9.2", "dataelement" : "Trigger Event", "data" : "V04", "categorization"
: "Value-Profile Fixed"},
							{"location" : "MSH.9.3", "dataelement" : "Message Structure", "data" : "VXU_V04",
"categorization" : "Value-Profile Fixed"},
				{"location" : "MSH.10", "dataelement" : "Message Control ID", "data" : "NIST-IZ-AD-8.1_Send_V04_Z22",
"categorization" : "Presence-System Generated"},
				{"location" : "MSH.11", "dataelement" : "Processing ID", "data" : "", "categorization"
: ""},
							{"location" : "MSH.11.1", "dataelement" : "Processing ID", "data" : "P", "categorization"
: "Presence-Content Indifferent"},
				{"location" : "MSH.12", "dataelement" : "Version ID", "data" : "", "categorization"
: ""},
							{"location" : "MSH.12.1", "dataelement" : "Version ID", "data" : "2.5.1", "categorization"
: "Value-Profile Fixed"},
				{"location" : "MSH.15", "dataelement" : "Accept Acknowledgment Type", "data" :
"ER", "categorization" : "Value-Profile Fixed"},
				{"location" : "MSH.16", "dataelement" : "Application Acknowledgment Type", "data"
: "AL", "categorization" : "Value-Profile Fixed"},
				{"location" : "MSH.21", "dataelement" : "Message Profile Identifier", "data" :
"", "categorization" : ""},
							{"location" : "MSH.21.1", "dataelement" : "Entity Identifier", "data" : "Z22",
"categorization" : "Value-Profile Fixed"},
							{"location" : "MSH.21.2", "dataelement" : "Namespace ID", "data" : "CDCPHINVS",
"categorization" : "Value-Profile Fixed"},
							{"location" : "MSH.21.3", "dataelement" : "Universal ID", "data" : "", "categorization"
: "Indifferent"},
							{"location" : "MSH.21.4", "dataelement" : "Universal ID Type", "data" : "",
"categorization" : "Indifferent"},
				{"location" : "MSH.22", "dataelement" : "Sending Responsible Organization", "data"
: "", "categorization" : ""},
							{"location" : "MSH.22.1", "dataelement" : "Organization Name", "data" : "NISTEHRFAC",
"categorization" : "Presence-Configuration"},
							{"location" : "MSH.22.6", "dataelement" : "Assigning Authority", "data" : "",
"categorization" : ""},
									{"location" : "MSH.22.6.1", "dataelement" : "Namespace ID", "data" : "NIST-AA-IZ-1",
"categorization" : "Presence-Configuration"},
									{"location" : "MSH.22.6.2", "dataelement" : "Universal ID", "data" : "2.16.840.1.113883.3.72.5.40.9",
"categorization" : "Presence-Test Case Proper"},
									{"location" : "MSH.22.6.3", "dataelement" : "Universal ID Type", "data" :
"ISO", "categorization" : "Value-Profile Fixed"},
							{"location" : "MSH.22.7", "dataelement" : "Identifier Type Code", "data" :
"XX", "categorization" : "Value-Test Case Fixed"},
							{"location" : "MSH.22.10", "dataelement" : "Organization Identifier", "data"
: "100-6482", "categorization" : "Presence-Configuration"},
				{"location" : "MSH.23", "dataelement" : "Receiving Responsible Organization",
"data" : "", "categorization" : ""},
							{"location" : "MSH.23.1", "dataelement" : "Organization Name", "data" : "NISTIISFAC",
"categorization" : "Presence-Configuration"},
							{"location" : "MSH.23.6", "dataelement" : "Assigning Authority", "data" : "",
"categorization" : ""},
									{"location" : "MSH.23.6.1", "dataelement" : "Namespace ID", "data" : "NIST-AA-IZ-1",
"categorization" : "Presence-Configuration"},
									{"location" : "MSH.23.6.2", "dataelement" : "Universal ID", "data" : "2.16.840.1.113883.3.72.5.40.9",
"categorization" : "Presence-Test Case Proper"},
									{"location" : "MSH.23.6.3", "dataelement" : "Universal ID Type", "data" :
"ISO", "categorization" : "Value-Profile Fixed"},
							{"location" : "MSH.23.7", "dataelement" : "Identifier Type Code", "data" :
"XX", "categorization" : "Value-Test Case Fixed"},
							{"location" : "MSH.23.10", "dataelement" : "Organization Identifier", "data"
: "100-3322", "categorization" : "Presence-Configuration"},		]
		{
			"title":"PID : Patient Identification",
			"elements" : 
			[
				{"location" : "PID.1", "dataelement" : "Set ID - PID", "data" : "1", "categorization"
: "Value-Profile Fixed"},
				{"location" : "PID.3", "dataelement" : "Patient Identifier List", "data" : "",
"categorization" : ""},
							{"location" : "PID.3.1", "dataelement" : "ID Number", "data" : "77100", "categorization"
: "Presence-Content Indifferent"},
							{"location" : "PID.3.4", "dataelement" : "Assigning Authority", "data" : "",
"categorization" : ""},
									{"location" : "PID.3.4.1", "dataelement" : "Namespace ID", "data" : "NIST-MPI-1",
"categorization" : "Presence-Content Indifferent"},
									{"location" : "PID.3.4.2", "dataelement" : "Universal ID", "data" : "2.16.840.1.113883.3.72.5.40.5",
"categorization" : "Presence-Test Case Proper"},
									{"location" : "PID.3.4.3", "dataelement" : "Universal ID Type", "data" :
"ISO", "categorization" : "Value-Profile Fixed"},
							{"location" : "PID.3.5", "dataelement" : "Identifier Type Code", "data" : "MR",
"categorization" : "Value-Test Case Fixed"},
				{"location" : "PID.5", "dataelement" : "Patient Name", "data" : "", "categorization"
: ""},
							{"location" : "PID.5.1", "dataelement" : "Family Name", "data" : "", "categorization"
: ""},
									{"location" : "PID.5.1.1", "dataelement" : "Surname", "data" : "Broadway",
"categorization" : "Presence-Content Indifferent"},
							{"location" : "PID.5.2", "dataelement" : "Given Name", "data" : "Ashley", "categorization"
: "Presence-Content Indifferent"},
							{"location" : "PID.5.3", "dataelement" : "Second and Further Given Names or
Initials Thereof", "data" : "Jennifer", "categorization" : "Presence-Content Indifferent"},
							{"location" : "PID.5.7", "dataelement" : "Name Type Code", "data" : "L", "categorization"
: "Value-Test Case Fixed"},
				{"location" : "PID.6", "dataelement" : "Mother's Maiden Name", "data" : "", "categorization"
: ""},
							{"location" : "PID.6.1", "dataelement" : "Family Name", "data" : "", "categorization"
: ""},
									{"location" : "PID.6.1.1", "dataelement" : "Surname", "data" : "Layton",
"categorization" : "Presence-Content Indifferent"},
							{"location" : "PID.6.7", "dataelement" : "Name Type Code", "data" : "M", "categorization"
: "Value-Profile Fixed"},
				{"location" : "PID.7", "dataelement" : "Date/Time of Birth", "data" : "", "categorization"
: ""},
							{"location" : "PID.7.1", "dataelement" : "Time", "data" : "20150516", "categorization"
: "Presence-Content Indifferent"},
				{"location" : "PID.8", "dataelement" : "Administrative Sex", "data" : "F", "categorization"
: "Value-Test Case Fixed"},
				{"location" : "PID.10", "dataelement" : "Race", "data" : "", "categorization"
: ""},
							{"location" : "PID.10.1", "dataelement" : "Identifier", "data" : "2054-5",
"categorization" : "Value-Test Case Fixed"},
							{"location" : "PID.10.2", "dataelement" : "Text", "data" : "African American",
"categorization" : "Presence-Test Case Proper"},
							{"location" : "PID.10.3", "dataelement" : "Name of Coding System", "data" :
"CDCREC", "categorization" : "Value-Profile Fixed"},
				{"location" : "PID.11", "dataelement" : "Patient Address", "data" : "", "categorization"
: ""},
							{"location" : "PID.11.1", "dataelement" : "Street Address", "data" : "", "categorization"
: ""},
									{"location" : "PID.11.1.1", "dataelement" : "Street or Mailing Address",
"data" : "901 North 12th St", "categorization" : "Presence-Content Indifferent"},
							{"location" : "PID.11.2", "dataelement" : "Other Designation", "data" : "",
"categorization" : "Indifferent"},
							{"location" : "PID.11.3", "dataelement" : "City", "data" : "Bozeman", "categorization"
: "Presence-Content Indifferent"},
							{"location" : "PID.11.4", "dataelement" : "State or Province", "data" : "MT",
"categorization" : "Presence-Content Indifferent"},
							{"location" : "PID.11.5", "dataelement" : "Zip or Postal Code", "data" : "59715",
"categorization" : "Presence-Content Indifferent"},
							{"location" : "PID.11.6", "dataelement" : "Country", "data" : "USA", "categorization"
: "Presence-Content Indifferent"},
							{"location" : "PID.11.7", "dataelement" : "Address Type", "data" : "P", "categorization"
: "Value-Test Case Fixed List"},
				{"location" : "PID.13", "dataelement" : "Phone Number - Home", "data" : "", "categorization"
: ""},
							{"location" : "PID.13.2", "dataelement" : "Telecommunication Use Code", "data"
: "PRN", "categorization" : "Value-Test Case Fixed"},
							{"location" : "PID.13.3", "dataelement" : "Telecommunication Equipment Type",
"data" : "PH", "categorization" : "Value-Test Case Fixed"},
							{"location" : "PID.13.4", "dataelement" : "Email Address", "data" : "", "categorization"
: "NonPresence"},
							{"location" : "PID.13.6", "dataelement" : "Area/City Code", "data" : "406",
"categorization" : "Presence-Content Indifferent"},
							{"location" : "PID.13.7", "dataelement" : "Local Number", "data" : "5552262",
"categorization" : "Presence-Content Indifferent"},
				{"location" : "PID.22", "dataelement" : "Ethnic Group", "data" : "", "categorization"
: ""},
							{"location" : "PID.22.1", "dataelement" : "Identifier", "data" : "2186-5",
"categorization" : "Value-Test Case Fixed"},
							{"location" : "PID.22.2", "dataelement" : "Text", "data" : "Not Hispanic or
Latino", "categorization" : "Presence-Test Case Proper"},
							{"location" : "PID.22.3", "dataelement" : "Name of Coding System", "data" :
"CDCREC", "categorization" : "Value-Profile Fixed"},
				{"location" : "PID.24", "dataelement" : "Multiple Birth Indicator", "data" : "N",
"categorization" : "Value-Test Case Fixed"},
				{"location" : "PID.25", "dataelement" : "Birth Order", "data" : "1", "categorization"
: "Indifferent"},
				{"location" : "PID.29", "dataelement" : "Patient Death Date and Time", "data"
: "", "categorization" : ""},
							{"location" : "PID.29.1", "dataelement" : "Time", "data" : "", "categorization"
: "NonPresence"},
				{"location" : "PID.30", "dataelement" : "Patient Death Indicator", "data" : "N",
"categorization" : "Value-Test Case Fixed"},		]
		{
			"title":"PD1 : Patient Additional Demographic",
			"elements" : 
			[
				{"location" : "PD1.11", "dataelement" : "Publicity Code", "data" : "", "categorization"
: ""},
							{"location" : "PD1.11.1", "dataelement" : "Identifier", "data" : "03", "categorization"
: "Value-Test Case Fixed"},
							{"location" : "PD1.11.2", "dataelement" : "Text", "data" : "Reminder/recall
- no calls", "categorization" : "Presence-Test Case Proper"},
							{"location" : "PD1.11.3", "dataelement" : "Name of Coding System", "data" :
"HL70215", "categorization" : "Value-Profile Fixed"},
				{"location" : "PD1.12", "dataelement" : "Protection Indicator", "data" : "N",
"categorization" : "Value-Test Case Fixed"},
				{"location" : "PD1.13", "dataelement" : "Protection Indicator Effective Date",
"data" : "20150625", "categorization" : "Presence-Content Indifferent"},
				{"location" : "PD1.16", "dataelement" : "Immunization Registry Status", "data"
: "A", "categorization" : "Value-Test Case Fixed"},
				{"location" : "PD1.17", "dataelement" : "Immunization Registry Status Effective
Date", "data" : "20150516", "categorization" : "Presence-Content Indifferent"},
				{"location" : "PD1.18", "dataelement" : "Publicity Code Effective Date", "data"
: "20150625", "categorization" : "Presence-Content Indifferent"},		]
		{
			"title":"NK1 : Next of Kin / Associated Parties",
			"elements" : 
			[
				{"location" : "NK1.1", "dataelement" : "Set ID - NK1", "data" : "1", "categorization"
: "Value-Profile Fixed"},
				{"location" : "NK1.2", "dataelement" : "Name", "data" : "", "categorization" :
""},
							{"location" : "NK1.2.1", "dataelement" : "Family Name", "data" : "", "categorization"
: ""},
									{"location" : "NK1.2.1.1", "dataelement" : "Surname", "data" : "Broadway",
"categorization" : "Presence-Content Indifferent"},
							{"location" : "NK1.2.2", "dataelement" : "Given Name", "data" : "Ellen", "categorization"
: "Presence-Content Indifferent"},
							{"location" : "NK1.2.3", "dataelement" : "Second and Further Given Names or
Initials Thereof", "data" : "", "categorization" : "Indifferent"},
							{"location" : "NK1.2.7", "dataelement" : "Name Type Code", "data" : "L", "categorization"
: "Value-Test Case Fixed"},
				{"location" : "NK1.3", "dataelement" : "Relationship", "data" : "", "categorization"
: ""},
							{"location" : "NK1.3.1", "dataelement" : "Identifier", "data" : "MTH", "categorization"
: "Value-Test Case Fixed"},
							{"location" : "NK1.3.2", "dataelement" : "Text", "data" : "Mother", "categorization"
: "Presence-Test Case Proper"},
							{"location" : "NK1.3.3", "dataelement" : "Name of Coding System", "data" :
"HL70063", "categorization" : "Value-Profile Fixed"},
				{"location" : "NK1.4", "dataelement" : "Address", "data" : "", "categorization"
: ""},
							{"location" : "NK1.4.1", "dataelement" : "Street Address", "data" : "", "categorization"
: ""},
									{"location" : "NK1.4.1.1", "dataelement" : "Street or Mailing Address", "data"
: "901 North 12th St", "categorization" : "Presence-Content Indifferent"},
							{"location" : "NK1.4.2", "dataelement" : "Other Designation", "data" : "",
"categorization" : "Indifferent"},
							{"location" : "NK1.4.3", "dataelement" : "City", "data" : "Bozeman", "categorization"
: "Presence-Content Indifferent"},
							{"location" : "NK1.4.4", "dataelement" : "State or Province", "data" : "MT",
"categorization" : "Presence-Content Indifferent"},
							{"location" : "NK1.4.5", "dataelement" : "Zip or Postal Code", "data" : "59715",
"categorization" : "Presence-Content Indifferent"},
							{"location" : "NK1.4.6", "dataelement" : "Country", "data" : "USA", "categorization"
: "Presence-Content Indifferent"},
							{"location" : "NK1.4.7", "dataelement" : "Address Type", "data" : "P", "categorization"
: "Value-Test Case Fixed List"},
				{"location" : "NK1.5", "dataelement" : "Phone Number", "data" : "", "categorization"
: ""},
							{"location" : "NK1.5.2", "dataelement" : "Telecommunication Use Code", "data"
: "PRN", "categorization" : "Value-Test Case Fixed"},
							{"location" : "NK1.5.3", "dataelement" : "Telecommunication Equipment Type",
"data" : "PH", "categorization" : "Value-Test Case Fixed"},
							{"location" : "NK1.5.4", "dataelement" : "Email Address", "data" : "", "categorization"
: "Indifferent"},
							{"location" : "NK1.5.6", "dataelement" : "Area/City Code", "data" : "406",
"categorization" : "Presence-Content Indifferent"},
							{"location" : "NK1.5.7", "dataelement" : "Local Number", "data" : "5552262",
"categorization" : "Presence-Content Indifferent"},		]
		{
			"title":"ORC : Common Order",
			"elements" : 
			[
				{"location" : "ORC.1", "dataelement" : "Order Control", "data" : "RE", "categorization"
: "Value-Profile Fixed"},
				{"location" : "ORC.2", "dataelement" : "Placer Order Number", "data" : "", "categorization"
: ""},
							{"location" : "ORC.2.1", "dataelement" : "Entity Identifier", "data" : "3881",
"categorization" : "Presence-Content Indifferent"},
							{"location" : "ORC.2.2", "dataelement" : "Namespace ID", "data" : "NIST-AA-IZ-2",
"categorization" : "Presence-Content Indifferent"},
							{"location" : "ORC.2.3", "dataelement" : "Universal ID", "data" : "2.16.840.1.113883.3.72.5.40.10",
"categorization" : "Presence-Test Case Proper"},
							{"location" : "ORC.2.4", "dataelement" : "Universal ID Type", "data" : "ISO",
"categorization" : "Value-Profile Fixed"},
				{"location" : "ORC.3", "dataelement" : "Filler Order Number", "data" : "", "categorization"
: ""},
							{"location" : "ORC.3.1", "dataelement" : "Entity Identifier", "data" : "13926",
"categorization" : "Presence-Content Indifferent"},
							{"location" : "ORC.3.2", "dataelement" : "Namespace ID", "data" : "NIST-AA-IZ-2",
"categorization" : "Presence-Content Indifferent"},
							{"location" : "ORC.3.3", "dataelement" : "Universal ID", "data" : "2.16.840.1.113883.3.72.5.40.10",
"categorization" : "Presence-Test Case Proper"},
							{"location" : "ORC.3.4", "dataelement" : "Universal ID Type", "data" : "ISO",
"categorization" : "Value-Profile Fixed"},
				{"location" : "ORC.10", "dataelement" : "Entered By", "data" : "", "categorization"
: ""},
							{"location" : "ORC.10.1", "dataelement" : "ID Number", "data" : "7824", "categorization"
: "Presence-Content Indifferent"},
							{"location" : "ORC.10.2", "dataelement" : "Family Name", "data" : "", "categorization"
: ""},
									{"location" : "ORC.10.2.1", "dataelement" : "Surname", "data" : "Jackson",
"categorization" : "Presence-Content Indifferent"},
							{"location" : "ORC.10.3", "dataelement" : "Given Name", "data" : "Lily", "categorization"
: "Presence-Content Indifferent"},
							{"location" : "ORC.10.4", "dataelement" : "Second and Further Given Names or
Initials Thereof", "data" : "Suzanne", "categorization" : "Presence-Content Indifferent"},
							{"location" : "ORC.10.9", "dataelement" : "Assigning Authority", "data" : "",
"categorization" : ""},
									{"location" : "ORC.10.9.1", "dataelement" : "Namespace ID", "data" : "NIST-PI-1",
"categorization" : "Presence-Content Indifferent"},
									{"location" : "ORC.10.9.2", "dataelement" : "Universal ID", "data" : "2.16.840.1.113883.3.72.5.40.7",
"categorization" : "Presence-Test Case Proper"},
									{"location" : "ORC.10.9.3", "dataelement" : "Universal ID Type", "data" :
"ISO", "categorization" : "Value-Profile Fixed"},
							{"location" : "ORC.10.10", "dataelement" : "Name Type Code", "data" : "L",
"categorization" : "Value-Test Case Fixed"},
							{"location" : "ORC.10.13", "dataelement" : "Identifier Type Code", "data" :
"PRN", "categorization" : "Value-Test Case Fixed List"},
				{"location" : "ORC.12", "dataelement" : "Ordering Provider", "data" : "", "categorization"
: ""},
							{"location" : "ORC.12.1", "dataelement" : "ID Number", "data" : "654", "categorization"
: "Presence-Content Indifferent"},
							{"location" : "ORC.12.2", "dataelement" : "Family Name", "data" : "", "categorization"
: ""},
									{"location" : "ORC.12.2.1", "dataelement" : "Surname", "data" : "Thomas",
"categorization" : "Presence-Content Indifferent"},
							{"location" : "ORC.12.3", "dataelement" : "Given Name", "data" : "Wilma", "categorization"
: "Presence-Content Indifferent"},
							{"location" : "ORC.12.4", "dataelement" : "Second and Further Given Names or
Initials Thereof", "data" : "Elizabeth", "categorization" : "Presence-Content Indifferent"},
							{"location" : "ORC.12.9", "dataelement" : "Assigning Authority", "data" : "",
"categorization" : ""},
									{"location" : "ORC.12.9.1", "dataelement" : "Namespace ID", "data" : "NIST-PI-1",
"categorization" : "Presence-Content Indifferent"},
									{"location" : "ORC.12.9.2", "dataelement" : "Universal ID", "data" : "2.16.840.1.113883.3.72.5.40.7",
"categorization" : "Presence-Test Case Proper"},
									{"location" : "ORC.12.9.3", "dataelement" : "Universal ID Type", "data" :
"ISO", "categorization" : "Value-Profile Fixed"},
							{"location" : "ORC.12.10", "dataelement" : "Name Type Code", "data" : "L",
"categorization" : "Value-Test Case Fixed"},
							{"location" : "ORC.12.13", "dataelement" : "Identifier Type Code", "data" :
"MD", "categorization" : "Value-Test Case Fixed List"},
				{"location" : "ORC.17", "dataelement" : "Entering Organization", "data" : "",
"categorization" : ""},
							{"location" : "ORC.17.1", "dataelement" : "Identifier", "data" : "NISTEHRFAC",
"categorization" : "Presence-Content Indifferent"},
							{"location" : "ORC.17.2", "dataelement" : "Text", "data" : "NISTEHRFacility",
"categorization" : "Presence-Content Indifferent"},
							{"location" : "ORC.17.3", "dataelement" : "Name of Coding System", "data" :
"HL70362", "categorization" : "Value-Profile Fixed"},		]
		{
			"title":"RXA : Pharmacy/Treatment Administration",
			"elements" : 
			[
				{"location" : "RXA.1", "dataelement" : "Give Sub-ID Counter", "data" : "0", "categorization"
: "Value-Profile Fixed"},
				{"location" : "RXA.2", "dataelement" : "Administration Sub-ID Counter", "data"
: "1", "categorization" : "Value-Profile Fixed"},
				{"location" : "RXA.3", "dataelement" : "Date/Time Start of Administration", "data"
: "", "categorization" : ""},
							{"location" : "RXA.3.1", "dataelement" : "Time", "data" : "20150625", "categorization"
: "Presence-Content Indifferent"},
				{"location" : "RXA.5", "dataelement" : "Administered Code", "data" : "", "categorization"
: ""},
							{"location" : "RXA.5.1", "dataelement" : "Identifier", "data" : "58160-0820-01",
"categorization" : "Value-Test Case Fixed List"},
							{"location" : "RXA.5.2", "dataelement" : "Text", "data" : "ENGERIX-B", "categorization"
: "Presence-Test Case Proper"},
							{"location" : "RXA.5.3", "dataelement" : "Name of Coding System", "data" :
"NDC", "categorization" : "Value-Profile Fixed"},
				{"location" : "RXA.6", "dataelement" : "Administered Amount", "data" : "0.5",
"categorization" : "Presence-Test Case Proper"},
				{"location" : "RXA.7", "dataelement" : "Administered Units", "data" : "", "categorization"
: ""},
							{"location" : "RXA.7.1", "dataelement" : "Identifier", "data" : "mL", "categorization"
: "Value-Test Case Fixed"},
							{"location" : "RXA.7.2", "dataelement" : "Text", "data" : "mL", "categorization"
: "Presence-Test Case Proper"},
							{"location" : "RXA.7.3", "dataelement" : "Name of Coding System", "data" :
"UCUM", "categorization" : "Value-Profile Fixed"},
				{"location" : "RXA.9", "dataelement" : "Administration Notes", "data" : "", "categorization"
: ""},
							{"location" : "RXA.9.1", "dataelement" : "Identifier", "data" : "00", "categorization"
: "Value-Test Case Fixed"},
							{"location" : "RXA.9.2", "dataelement" : "Text", "data" : "New Record", "categorization"
: "Presence-Test Case Proper"},
							{"location" : "RXA.9.3", "dataelement" : "Name of Coding System", "data" :
"NIP001", "categorization" : "Value-Profile Fixed"},
				{"location" : "RXA.10", "dataelement" : "Administering Provider", "data" : "",
"categorization" : ""},
							{"location" : "RXA.10.1", "dataelement" : "ID Number", "data" : "7824", "categorization"
: "Presence-Content Indifferent"},
							{"location" : "RXA.10.2", "dataelement" : "Family Name", "data" : "", "categorization"
: ""},
									{"location" : "RXA.10.2.1", "dataelement" : "Surname", "data" : "Jackson",
"categorization" : "Presence-Content Indifferent"},
							{"location" : "RXA.10.3", "dataelement" : "Given Name", "data" : "Lily", "categorization"
: "Presence-Content Indifferent"},
							{"location" : "RXA.10.4", "dataelement" : "Second and Further Given Names or
Initials Thereof", "data" : "Suzanne", "categorization" : "Presence-Content Indifferent"},
							{"location" : "RXA.10.9", "dataelement" : "Assigning Authority", "data" : "",
"categorization" : ""},
									{"location" : "RXA.10.9.1", "dataelement" : "Namespace ID", "data" : "NIST-PI-1",
"categorization" : "Presence-Content Indifferent"},
									{"location" : "RXA.10.9.2", "dataelement" : "Universal ID", "data" : "2.16.840.1.113883.3.72.5.40.7",
"categorization" : "Presence-Test Case Proper"},
									{"location" : "RXA.10.9.3", "dataelement" : "Universal ID Type", "data" :
"ISO", "categorization" : "Value-Profile Fixed"},
							{"location" : "RXA.10.10", "dataelement" : "Name Type Code", "data" : "L",
"categorization" : "Value-Test Case Fixed"},
							{"location" : "RXA.10.13", "dataelement" : "Identifier Type Code", "data" :
"PRN", "categorization" : "Value-Test Case Fixed List"},
				{"location" : "RXA.11", "dataelement" : "Administered-at Location", "data" : "",
"categorization" : ""},
							{"location" : "RXA.11.4", "dataelement" : "Facility", "data" : "", "categorization"
: ""},
									{"location" : "RXA.11.4.1", "dataelement" : "Namespace ID", "data" : "NIST-Clinic-1",
"categorization" : "Presence-Content Indifferent"},
									{"location" : "RXA.11.4.2", "dataelement" : "Universal ID", "data" : "2.16.840.1.113883.3.72.5.40.12",
"categorization" : "Presence-Test Case Proper"},
									{"location" : "RXA.11.4.3", "dataelement" : "Universal ID Type", "data" :
"ISO", "categorization" : "Value-Profile Fixed"},
				{"location" : "RXA.15", "dataelement" : "Substance Lot Number", "data" : "797397",
"categorization" : "Presence-Content Indifferent"},
				{"location" : "RXA.16", "dataelement" : "Substance Expiration Date", "data" :
"", "categorization" : ""},
							{"location" : "RXA.16.1", "dataelement" : "Time", "data" : "20151203", "categorization"
: "Presence-Content Indifferent"},
				{"location" : "RXA.17", "dataelement" : "Substance Manufacturer Name", "data"
: "", "categorization" : ""},
							{"location" : "RXA.17.1", "dataelement" : "Identifier", "data" : "SKB", "categorization"
: "Value-Test Case Fixed"},
							{"location" : "RXA.17.2", "dataelement" : "Text", "data" : "GlaxoSmithKline",
"categorization" : "Presence-Test Case Proper"},
							{"location" : "RXA.17.3", "dataelement" : "Name of Coding System", "data" :
"MVX", "categorization" : "Value-Profile Fixed"},
				{"location" : "RXA.18", "dataelement" : "Substance/Treatment Refusal Reason",
"data" : "", "categorization" : ""},
							{"location" : "RXA.18.1", "dataelement" : "Identifier", "data" : "", "categorization"
: "NonPresence"},
							{"location" : "RXA.18.2", "dataelement" : "Text", "data" : "", "categorization"
: "NonPresence"},
							{"location" : "RXA.18.3", "dataelement" : "Name of Coding System", "data" :
"", "categorization" : "NonPresence"},
				{"location" : "RXA.20", "dataelement" : "Completion Status", "data" : "CP", "categorization"
: "Value-Test Case Fixed"},
				{"location" : "RXA.21", "dataelement" : "Action Code - RXA", "data" : "A", "categorization"
: "Value-Test Case Fixed"},		]
		{
			"title":"RXR : Pharmacy/Treatment Route",
			"elements" : 
			[
				{"location" : "RXR.1", "dataelement" : "Route", "data" : "", "categorization"
: ""},
							{"location" : "RXR.1.1", "dataelement" : "Identifier", "data" : "C28161", "categorization"
: "Value-Test Case Fixed"},
							{"location" : "RXR.1.2", "dataelement" : "Text", "data" : "Intramuscular",
"categorization" : "Presence-Test Case Proper"},
							{"location" : "RXR.1.3", "dataelement" : "Name of Coding System", "data" :
"NCIT", "categorization" : "Value-Profile Fixed"},
				{"location" : "RXR.2", "dataelement" : "Administration Site", "data" : "", "categorization"
: ""},
							{"location" : "RXR.2.1", "dataelement" : "Identifier", "data" : "LT", "categorization"
: "Value-Test Case Fixed"},
							{"location" : "RXR.2.2", "dataelement" : "Text", "data" : "Left Thigh", "categorization"
: "Presence-Test Case Proper"},
							{"location" : "RXR.2.3", "dataelement" : "Name of Coding System", "data" :
"HL70163", "categorization" : "Value-Profile Fixed"},		]
		{
			"title":"OBX[*]",

<accordion>		{
			"title":"OBX : Observation/Result",
			"elements" : 
			[
				{"location" : "OBX.1", "dataelement" : "Set ID - OBX", "data" : "1", "categorization"
: "Value-Profile Fixed"},
				{"location" : "OBX.2", "dataelement" : "Value Type", "data" : "CE", "categorization"
: "Value-Test Case Fixed"},
				{"location" : "OBX.3", "dataelement" : "Observation Identifier", "data" : "",
"categorization" : ""},
							{"location" : "OBX.3.1", "dataelement" : "Identifier", "data" : "30963-3",
"categorization" : "Value-Test Case Fixed"},
							{"location" : "OBX.3.2", "dataelement" : "Text", "data" : "Vaccine Funding
Source", "categorization" : "Presence-Test Case Proper"},
							{"location" : "OBX.3.3", "dataelement" : "Name of Coding System", "data" :
"LN", "categorization" : "Value-Profile Fixed"},
				{"location" : "OBX.4", "dataelement" : "Observation Sub-ID", "data" : "1", "categorization"
: "Presence-Test Case Proper"},
				{"location" : "OBX.5", "dataelement" : "Observation Value", "data" : "", "categorization"
: ""},
				{"location" : "OBX.6", "dataelement" : "Units", "data" : "", "categorization"
: ""},
							{"location" : "OBX.6.1", "dataelement" : "Identifier", "data" : "", "categorization"
: "NonPresence"},
							{"location" : "OBX.6.2", "dataelement" : "Text", "data" : "", "categorization"
: "NonPresence"},
							{"location" : "OBX.6.3", "dataelement" : "Name of Coding System", "data" :
"", "categorization" : "NonPresence"},
				{"location" : "OBX.11", "dataelement" : "Observation Result Status", "data" :
"F", "categorization" : "Value-Profile Fixed"},
				{"location" : "OBX.14", "dataelement" : "Date/Time of the Observation", "data"
: "", "categorization" : ""},
							{"location" : "OBX.14.1", "dataelement" : "Time", "data" : "20150625", "categorization"
: "Presence-Content Indifferent"},
				{"location" : "OBX.17", "dataelement" : "Observation Method", "data" : "", "categorization"
: ""},
							{"location" : "OBX.17.1", "dataelement" : "Identifier", "data" : "", "categorization"
: "Indifferent"},
							{"location" : "OBX.17.2", "dataelement" : "Text", "data" : "", "categorization"
: "Indifferent"},
							{"location" : "OBX.17.3", "dataelement" : "Name of Coding System", "data" :
"", "categorization" : "Indifferent"},		]
		{
			"title":"OBX : Observation/Result",
			"elements" : 
			[
				{"location" : "OBX.1", "dataelement" : "Set ID - OBX", "data" : "2", "categorization"
: "Value-Profile Fixed"},
				{"location" : "OBX.2", "dataelement" : "Value Type", "data" : "CE", "categorization"
: "Value-Test Case Fixed"},
				{"location" : "OBX.3", "dataelement" : "Observation Identifier", "data" : "",
"categorization" : ""},
							{"location" : "OBX.3.1", "dataelement" : "Identifier", "data" : "64994-7",
"categorization" : "Value-Test Case Fixed"},
							{"location" : "OBX.3.2", "dataelement" : "Text", "data" : "Vaccine Funding
Program Eligibility", "categorization" : "Presence-Test Case Proper"},
							{"location" : "OBX.3.3", "dataelement" : "Name of Coding System", "data" :
"LN", "categorization" : "Value-Profile Fixed"},
				{"location" : "OBX.4", "dataelement" : "Observation Sub-ID", "data" : "2", "categorization"
: "Presence-Test Case Proper"},
				{"location" : "OBX.5", "dataelement" : "Observation Value", "data" : "", "categorization"
: ""},
				{"location" : "OBX.6", "dataelement" : "Units", "data" : "", "categorization"
: ""},
							{"location" : "OBX.6.1", "dataelement" : "Identifier", "data" : "", "categorization"
: "NonPresence"},
							{"location" : "OBX.6.2", "dataelement" : "Text", "data" : "", "categorization"
: "NonPresence"},
							{"location" : "OBX.6.3", "dataelement" : "Name of Coding System", "data" :
"", "categorization" : "NonPresence"},
				{"location" : "OBX.11", "dataelement" : "Observation Result Status", "data" :
"F", "categorization" : "Value-Profile Fixed"},
				{"location" : "OBX.14", "dataelement" : "Date/Time of the Observation", "data"
: "", "categorization" : ""},
							{"location" : "OBX.14.1", "dataelement" : "Time", "data" : "20150625", "categorization"
: "Presence-Content Indifferent"},
				{"location" : "OBX.17", "dataelement" : "Observation Method", "data" : "", "categorization"
: ""},
							{"location" : "OBX.17.1", "dataelement" : "Identifier", "data" : "VXC40", "categorization"
: "Value-Test Case Fixed"},
							{"location" : "OBX.17.2", "dataelement" : "Text", "data" : "per immunization",
"categorization" : "Presence-Test Case Proper"},
							{"location" : "OBX.17.3", "dataelement" : "Name of Coding System", "data" :
"CDCPHINVS", "categorization" : "Value-Profile Fixed"},		]
		{
			"title":"OBX : Observation/Result",
			"elements" : 
			[
				{"location" : "OBX.1", "dataelement" : "Set ID - OBX", "data" : "3", "categorization"
: "Value-Profile Fixed"},
				{"location" : "OBX.2", "dataelement" : "Value Type", "data" : "CE", "categorization"
: "Value-Test Case Fixed"},
				{"location" : "OBX.3", "dataelement" : "Observation Identifier", "data" : "",
"categorization" : ""},
							{"location" : "OBX.3.1", "dataelement" : "Identifier", "data" : "69764-9",
"categorization" : "Value-Test Case Fixed"},
							{"location" : "OBX.3.2", "dataelement" : "Text", "data" : "Document Type",
"categorization" : "Presence-Test Case Proper"},
							{"location" : "OBX.3.3", "dataelement" : "Name of Coding System", "data" :
"LN", "categorization" : "Value-Profile Fixed"},
				{"location" : "OBX.4", "dataelement" : "Observation Sub-ID", "data" : "3", "categorization"
: "Presence-Test Case Proper"},
				{"location" : "OBX.5", "dataelement" : "Observation Value", "data" : "", "categorization"
: ""},
				{"location" : "OBX.6", "dataelement" : "Units", "data" : "", "categorization"
: ""},
							{"location" : "OBX.6.1", "dataelement" : "Identifier", "data" : "", "categorization"
: "NonPresence"},
							{"location" : "OBX.6.2", "dataelement" : "Text", "data" : "", "categorization"
: "NonPresence"},
							{"location" : "OBX.6.3", "dataelement" : "Name of Coding System", "data" :
"", "categorization" : "NonPresence"},
				{"location" : "OBX.11", "dataelement" : "Observation Result Status", "data" :
"F", "categorization" : "Value-Profile Fixed"},
				{"location" : "OBX.14", "dataelement" : "Date/Time of the Observation", "data"
: "", "categorization" : ""},
							{"location" : "OBX.14.1", "dataelement" : "Time", "data" : "20150625", "categorization"
: "Presence-Content Indifferent"},
				{"location" : "OBX.17", "dataelement" : "Observation Method", "data" : "", "categorization"
: ""},
							{"location" : "OBX.17.1", "dataelement" : "Identifier", "data" : "", "categorization"
: "Indifferent"},
							{"location" : "OBX.17.2", "dataelement" : "Text", "data" : "", "categorization"
: "Indifferent"},
							{"location" : "OBX.17.3", "dataelement" : "Name of Coding System", "data" :
"", "categorization" : "Indifferent"},		]
		{
			"title":"OBX : Observation/Result",
			"elements" : 
			[
				{"location" : "OBX.1", "dataelement" : "Set ID - OBX", "data" : "4", "categorization"
: "Value-Profile Fixed"},
				{"location" : "OBX.2", "dataelement" : "Value Type", "data" : "DT", "categorization"
: "Value-Test Case Fixed"},
				{"location" : "OBX.3", "dataelement" : "Observation Identifier", "data" : "",
"categorization" : ""},
							{"location" : "OBX.3.1", "dataelement" : "Identifier", "data" : "29769-7",
"categorization" : "Value-Test Case Fixed"},
							{"location" : "OBX.3.2", "dataelement" : "Text", "data" : "Date Vis Presented",
"categorization" : "Presence-Test Case Proper"},
							{"location" : "OBX.3.3", "dataelement" : "Name of Coding System", "data" :
"LN", "categorization" : "Value-Profile Fixed"},
				{"location" : "OBX.4", "dataelement" : "Observation Sub-ID", "data" : "3", "categorization"
: "Presence-Test Case Proper"},
				{"location" : "OBX.5", "dataelement" : "Observation Value", "data" : "20150625",
"categorization" : "Presence-Content Indifferent"},
				{"location" : "OBX.6", "dataelement" : "Units", "data" : "", "categorization"
: ""},
							{"location" : "OBX.6.1", "dataelement" : "Identifier", "data" : "", "categorization"
: "NonPresence"},
							{"location" : "OBX.6.2", "dataelement" : "Text", "data" : "", "categorization"
: "NonPresence"},
							{"location" : "OBX.6.3", "dataelement" : "Name of Coding System", "data" :
"", "categorization" : "NonPresence"},
				{"location" : "OBX.11", "dataelement" : "Observation Result Status", "data" :
"F", "categorization" : "Value-Profile Fixed"},
				{"location" : "OBX.14", "dataelement" : "Date/Time of the Observation", "data"
: "", "categorization" : ""},
							{"location" : "OBX.14.1", "dataelement" : "Time", "data" : "20150625", "categorization"
: "Presence-Content Indifferent"},
				{"location" : "OBX.17", "dataelement" : "Observation Method", "data" : "", "categorization"
: ""},
							{"location" : "OBX.17.1", "dataelement" : "Identifier", "data" : "", "categorization"
: "Indifferent"},
							{"location" : "OBX.17.2", "dataelement" : "Text", "data" : "", "categorization"
: "Indifferent"},
							{"location" : "OBX.17.3", "dataelement" : "Name of Coding System", "data" :
"", "categorization" : "Indifferent"},		]

</accordion>
		}
]
}