<ConformanceContext UUID="58fa35f94ede240f563f1175" xmlns:xsi="http://www.w3.org/2001/XMLSchema-instance" xsi:noNamespaceSchemaLocation="https://raw.githubusercontent.com/Jungyubw/NIST_healthcare_hl7_v2_profile_schema/master/Schema/NIST%20Validation%20Schema/ConformanceContext.xsd"><MetaData Name="No Name" OrgName="NIST" Version="No Version Info" Date="No date" Status="Draft"/><Constraints><Message><ByID ID="57a9116984ae90ce12424eb2"><Constraint ID="Content" Target="1[1].10[1]"><Reference Source="testcase" GeneratedBy="Test Case Authoring &amp; Management Tool(TCAMT)" ReferencePath="MSH[1].10[1]" TestDataCategorization="Value-Test Case Fixed"/><Description>Invalid content (based on test case fixed data). The value at MSH-10 (Message Control ID) does not match the expected value: 'NIST-IZ-001.00'.</Description><Assertion><PlainText Path="1[1].10[1]" Text="NIST-IZ-001.00" IgnoreCase="true"/></Assertion></Constraint></ByID></Message></Constraints></ConformanceContext>