<?xml version="1.0" encoding="UTF-8"?>
<!-- edited with XMLSpy v2015 rel. 3 (x64) (http://www.altova.com) by ww (NIST) -->
<ConformanceProfile ID="56fca537-ef99-407a-8e48-93e998a9463b" Type="Constrainable" HL7Version="2.5.1" xsi:noNamespaceSchemaLocation="https://raw.githubusercontent.com/Jungyubw/NIST_healthcare_hl7_v2_profile_schema/master/Schema/NIST%20Validation%20Schema/Profile.xsd" xmlns:xsi="http://www.w3.org/2001/XMLSchema-instance">
	<MetaData Name="Z33 Message profile" OrgName="NIST" Version="1.0.1" Date="20160328" SpecificationName="Implementation Guide for Immunization Messaging, Release 1.5 October 1 2014"/>
	<Encodings>
		<Encoding>ER7</Encoding>
		<Encoding>XML</Encoding>
	</Encodings>
	<Messages>
		<Message ID="6a54b5a1-3d50-423e-9f84-8a721ad76342" Type="RSP" Event="K11" StructID="RSP_K11" Description="Z33:Return an acknowledgement with no person records" Identifier="Z33" Name="Return an acknowledgement with no person records">
			<Segment Ref="MSH_IZ 1_5_Z33" Usage="R" Min="1" Max="1"/>
			<Segment Ref="SFT_IZ_V_5_RSP_Z32_146" Usage="X" Min="0" Max="*"/>
			<Segment Ref="MSA_IZ1_5" Usage="R" Min="1" Max="1"/>
			<Segment Ref="ERR_IZ_1_5" Usage="RE" Min="0" Max="1"/>
			<Segment Ref="QAK_IZ1_5" Usage="R" Min="1" Max="1"/>
			<Segment Ref="QPD_IZ1_5" Usage="R" Min="1" Max="1"/>
			<Group ID="RSP_K11.ROW_DEFINITION" Name="RSP_K11.ROW_DEFINITION" Usage="X" Min="0" Max="1">
				<Segment Ref="RDF_IZ_V_5_RSP_Z32_236" Usage="R" Min="1" Max="1"/>
				<Segment Ref="RDT_IZ_V_5_RSP_Z32_263" Usage="O" Min="0" Max="*"/>
			</Group>
			<Segment Ref="DSC_IZ_V_5_RSP_Z32_52" Usage="X" Min="0" Max="1"/>
		</Message>
	</Messages>
	<Segments>
		<Segment ID="MSH_IZ 1_5_Z33" Label="MSH_IZ 1_5_Z33" Name="MSH" Description="Message Header">
			<Field Name="Field Separator" Usage="R" Min="1" Max="1" Datatype="ST" MinLength="1" MaxLength="1" ItemNo="00001"/>
			<Field Name="Encoding Characters" Usage="R" Min="1" Max="1" Datatype="ST" MinLength="4" MaxLength="4" ItemNo="00002"/>
			<Field Name="Sending Application" Usage="RE" Min="0" Max="1" Datatype="HD_IZ" MinLength="1" MaxLength="227" Binding="HL70361_IZ" BindingStrength="R" BindingLocation="1" ItemNo="00003"/>
			<Field Name="Sending Facility" Usage="RE" Min="0" Max="1" Datatype="HD_IZ" MinLength="1" MaxLength="227" Binding="HL70362_IZ" BindingStrength="R" BindingLocation="1" ItemNo="00004"/>
			<Field Name="Receiving Application" Usage="RE" Min="0" Max="1" Datatype="HD_IZ" MinLength="1" MaxLength="227" Binding="HL70361_IZ" BindingStrength="R" BindingLocation="1" ItemNo="00005"/>
			<Field Name="Receiving Facility" Usage="RE" Min="0" Max="1" Datatype="HD_IZ" MinLength="1" MaxLength="227" Binding="HL70362_IZ" BindingStrength="R" BindingLocation="1" ItemNo="00006"/>
			<Field Name="Date/Time Of Message" Usage="R" Min="1" Max="1" Datatype="TS_Z" MinLength="1" MaxLength="26" ItemNo="00007"/>
			<Field Name="Security" Usage="O" Min="0" Max="1" Datatype="ST" MinLength="1" MaxLength="40" ItemNo="00008"/>
			<Field Name="Message Type" Usage="R" Min="1" Max="1" Datatype="MSG_IZ_RSP" MinLength="1" MaxLength="15" ItemNo="00009"/>
			<Field Name="Message Control ID" Usage="R" Min="1" Max="1" Datatype="ST" MinLength="1" MaxLength="199" ItemNo="00010"/>
			<Field Name="Processing ID" Usage="R" Min="1" Max="1" Datatype="PT_IZ" MinLength="1" MaxLength="3" ItemNo="00011"/>
			<Field Name="Version ID" Usage="R" Min="1" Max="1" Datatype="VID_IZ" MinLength="1" MaxLength="60" ItemNo="00012"/>
			<Field Name="Sequence Number" Usage="O" Min="0" Max="1" Datatype="NM" MinLength="1" MaxLength="15" ItemNo="00013"/>
			<Field Name="Continuation Pointer" Usage="O" Min="0" Max="1" Datatype="ST" MinLength="1" MaxLength="180" ItemNo="00014"/>
			<Field Name="Accept Acknowledgment Type" Usage="R" Min="1" Max="1" Datatype="ID" MinLength="1" MaxLength="2" Binding="HL70155_IZ" BindingStrength="R" ItemNo="00015"/>
			<Field Name="Application Acknowledgment Type" Usage="R" Min="1" Max="1" Datatype="ID" MinLength="1" MaxLength="2" Binding="HL70155_IZ" BindingStrength="R" ItemNo="00016"/>
			<Field Name="Country Code" Usage="O" Min="0" Max="0" Datatype="ID" MinLength="1" MaxLength="3" Binding="HL70399" BindingStrength="R" ItemNo="00017"/>
			<Field Name="Character Set" Usage="O" Min="0" Max="0" Datatype="ID" MinLength="1" MaxLength="16" Binding="HL70211" BindingStrength="R" ItemNo="00692"/>
			<Field Name="Principal Language Of Message" Usage="O" Min="0" Max="0" Datatype="CE" MinLength="1" MaxLength="250" ItemNo="00693"/>
			<Field Name="Alternate Character Set Handling Scheme" Usage="O" Min="0" Max="0" Datatype="ID" MinLength="1" MaxLength="20" Binding="HL70356" BindingStrength="R" ItemNo="01317"/>
			<Field Name="Message Profile Identifier" Usage="R" Min="1" Max="1" Datatype="EI_IZ_RSP_Z33" MinLength="1" MaxLength="427" Binding="PHVS_ImmunizationProfileIdentifier_IIS" BindingStrength="R" BindingLocation="1" ItemNo="01598"/>
			<Field Name="Sending Responsible Organization" Usage="RE" Min="0" Max="1" Datatype="XON_IZ" MinLength="1" MaxLength="*" BindingStrength="R" BindingLocation="1"/>
			<Field Name="Receiving Responsible Organization" Usage="RE" Min="0" Max="1" Datatype="XON_IZ" MinLength="1" MaxLength="*" BindingStrength="R" BindingLocation="1"/>
		</Segment>
		<Segment ID="SFT_IZ_V_5_RSP_Z32_146" Label="SFT_IZ_V_5_RSP_Z32_146" Name="SFT" Description="Software Segment">
			<Field Name="Software Vendor Organization" Usage="R" Min="1" Max="1" Datatype="XON" MinLength="1" MaxLength="567" ItemNo="01834"/>
			<Field Name="Software Certified Version or Release Number" Usage="R" Min="1" Max="1" Datatype="ST" MinLength="1" MaxLength="15" ItemNo="01835"/>
			<Field Name="Software Product Name" Usage="R" Min="1" Max="1" Datatype="ST" MinLength="1" MaxLength="20" ItemNo="01836"/>
			<Field Name="Software Binary ID" Usage="R" Min="1" Max="1" Datatype="ST" MinLength="1" MaxLength="20" ItemNo="01837"/>
			<Field Name="Software Product Information" Usage="O" Min="0" Max="1" Datatype="TX" MinLength="1" MaxLength="1024" ItemNo="01838"/>
			<Field Name="Software Install Date" Usage="O" Min="0" Max="1" Datatype="TS" MinLength="1" MaxLength="26" ItemNo="01839"/>
		</Segment>
		<Segment ID="MSA_IZ1_5" Label="MSA_IZ1_5" Name="MSA" Description="Message Acknowledgment">
			<Field Name="Acknowledgment Code" Usage="R" Min="1" Max="1" Datatype="ID" MinLength="2" MaxLength="2" Binding="HL70008_IZ" BindingStrength="R" ItemNo="00018"/>
			<Field Name="Message Control ID" Usage="R" Min="1" Max="1" Datatype="ST" MinLength="1" MaxLength="199" ItemNo="00010"/>
			<Field Name="Text Message" Usage="X" Min="0" Max="0" Datatype="ST" MinLength="1" MaxLength="80" ItemNo="00020"/>
			<Field Name="Expected Sequence Number" Usage="O" Min="0" Max="1" Datatype="NM" MinLength="1" MaxLength="15" ItemNo="00021"/>
			<Field Name="Delayed Acknowledgment Type" Usage="X" Min="0" Max="0" Datatype="NUL" MinLength="1" MaxLength="1" ItemNo="00022"/>
			<Field Name="Error Condition" Usage="X" Min="0" Max="0" Datatype="CE" MinLength="1" MaxLength="250" Binding="HL70357" BindingStrength="R" BindingLocation="1" ItemNo="00023"/>
		</Segment>
		<Segment ID="ERR_IZ_1_5" Label="ERR_IZ_1_5" Name="ERR" Description="Error">
			<Field Name="Error Code and Location" Usage="X" Min="0" Max="0" Datatype="ELD" MinLength="1" MaxLength="493" ItemNo="00024"/>
			<Field Name="Error Location" Usage="RE" Min="0" Max="1" Datatype="ERL_IZ" MinLength="1" MaxLength="18" ItemNo="01812"/>
			<Field Name="HL7 Error Code" Usage="R" Min="1" Max="1" Datatype="CWE_IZ" MinLength="1" MaxLength="705" Binding="HL70357_IZ" BindingStrength="R" BindingLocation="1" ItemNo="01813"/>
			<Field Name="Severity" Usage="R" Min="1" Max="1" Datatype="ID" MinLength="1" MaxLength="2" Binding="HL70516_IZ" BindingStrength="R" ItemNo="01814"/>
			<Field Name="Application Error Code" Usage="RE" Min="0" Max="1" Datatype="CWE_IZ" MinLength="1" MaxLength="705" Binding="HL70533_IZ" BindingStrength="R" BindingLocation="1" ItemNo="01815"/>
			<Field Name="Application Error Parameter" Usage="O" Min="0" Max="10" Datatype="ST" MinLength="1" MaxLength="80" ItemNo="01816"/>
			<Field Name="Diagnostic Information" Usage="O" Min="0" Max="1" Datatype="TX" MinLength="1" MaxLength="2048" ItemNo="01817"/>
			<Field Name="User Message" Usage="RE" Min="0" Max="1" Datatype="TX" MinLength="1" MaxLength="250" ItemNo="01818"/>
			<Field Name="Inform Person Indicator" Usage="O" Min="0" Max="*" Datatype="IS" MinLength="1" MaxLength="20" Binding="HL70517" BindingStrength="R" ItemNo="01819"/>
			<Field Name="Override Type" Usage="O" Min="0" Max="1" Datatype="CWE" MinLength="1" MaxLength="705" Binding="HL70518" BindingStrength="R" BindingLocation="1" ItemNo="01820"/>
			<Field Name="Override Reason Code" Usage="O" Min="0" Max="*" Datatype="CWE" MinLength="1" MaxLength="705" Binding="HL70519" BindingStrength="R" BindingLocation="1" ItemNo="01821"/>
			<Field Name="Help Desk Contact Point" Usage="O" Min="0" Max="*" Datatype="XTN" MinLength="1" MaxLength="652" ItemNo="01822"/>
		</Segment>
		<Segment ID="QAK_IZ1_5" Label="QAK_IZ1_5" Name="QAK" Description="Query Acknowledgment">
			<Field Name="Query Tag" Usage="R" Min="1" Max="1" Datatype="ST" MinLength="1" MaxLength="32" ItemNo="00696"/>
			<Field Name="Query Response Status" Usage="R" Min="1" Max="1" Datatype="ID" MinLength="1" MaxLength="2" Binding="HL70208_IZ" BindingStrength="R" ItemNo="00708"/>
			<Field Name="Message Query Name" Usage="R" Min="1" Max="1" Datatype="CE_IZ" MinLength="1" MaxLength="250" Binding="HL70471" BindingStrength="R" BindingLocation="1" ItemNo="01375"/>
			<Field Name="Hit Count" Usage="O" Min="0" Max="1" Datatype="NM" MinLength="1" MaxLength="10" ItemNo="01434"/>
			<Field Name="This payload" Usage="O" Min="0" Max="1" Datatype="NM" MinLength="1" MaxLength="10" ItemNo="01622"/>
			<Field Name="Hits remaining" Usage="O" Min="0" Max="1" Datatype="NM" MinLength="1" MaxLength="10" ItemNo="01623"/>
		</Segment>
		<Segment ID="QPD_IZ1_5" Label="QPD_IZ1_5" Name="QPD" Description="Query Parameter Definition">
			<Field Name="Message Query Name" Usage="R" Min="1" Max="1" Datatype="CE_IZ" MinLength="1" MaxLength="250" Binding="HL70471_IZ" BindingStrength="R" BindingLocation="1" ItemNo="01375"/>
			<Field Name="Query Tag" Usage="R" Min="1" Max="1" Datatype="ST" MinLength="1" MaxLength="32" ItemNo="00696"/>
			<Field Name="PatientList" Usage="RE" Min="0" Max="*" Datatype="CX_IZ" MinLength="1" MaxLength="*"/>
			<Field Name="PatientName" Usage="RE" Min="0" Max="1" Datatype="XPN_IZ" MinLength="1" MaxLength="*"/>
			<Field Name="PatientMotherMaidenName" Usage="RE" Min="0" Max="1" Datatype="XPN_M" MinLength="1" MaxLength="*"/>
			<Field Name="PatientDateOfBirth" Usage="RE" Min="0" Max="1" Datatype="TS_NZ" MinLength="1" MaxLength="6"/>
			<Field Name="Patient Sex" Usage="RE" Min="0" Max="1" Datatype="IS" MinLength="1" MaxLength="1" Binding="HL70001_IZ" BindingStrength="R"/>
			<Field Name="Patient Address" Usage="RE" Min="0" Max="1" Datatype="XAD_IZ" MinLength="1" MaxLength="*"/>
			<Field Name="Phone" Usage="RE" Min="0" Max="1" Datatype="XTN_IZ" MinLength="1" MaxLength="*"/>
			<Field Name="Multiple birth indicator" Usage="RE" Min="0" Max="1" Datatype="ID" MinLength="1" MaxLength="*" Binding="HL70136_IZ" BindingStrength="R"/>
			<Field Name="Birth order" Usage="RE" Min="0" Max="1" Datatype="NM" MinLength="1" MaxLength="*"/>
			<Field Name="Client last updated date" Usage="O" Min="0" Max="1" Datatype="TS" MinLength="1" MaxLength="*"/>
			<Field Name="Client last updated facility" Usage="O" Min="0" Max="1" Datatype="HD" MinLength="1" MaxLength="*"/>
		</Segment>
		<Segment ID="RDF_IZ_V_5_RSP_Z32_236" Label="RDF_IZ_V_5_RSP_Z32_236" Name="RDF" Description="Table Row Definition">
			<Field Name="Number of Columns per Row" Usage="R" Min="1" Max="1" Datatype="NM" MinLength="1" MaxLength="3" ItemNo="00701"/>
			<Field Name="Column Description" Usage="R" Min="1" Max="*" Datatype="RCD" MinLength="1" MaxLength="40" Binding="HL70440" BindingStrength="R" BindingLocation="1" ItemNo="00702"/>
		</Segment>
		<Segment ID="RDT_IZ_V_5_RSP_Z32_263" Label="RDT_IZ_V_5_RSP_Z32_263" Name="RDT" Description="Table Row Data">
			<Field Name="Column Value" Usage="R" Min="1" Max="1" Datatype="varies" MinLength="1" MaxLength="99999" ItemNo="00703"/>
		</Segment>
		<Segment ID="DSC_IZ_V_5_RSP_Z32_52" Label="DSC_IZ_V_5_RSP_Z32_52" Name="DSC" Description="Continuation Pointer">
			<Field Name="Continuation Pointer" Usage="O" Min="0" Max="1" Datatype="ST" MinLength="1" MaxLength="180" ItemNo="00014"/>
			<Field Name="Continuation Style" Usage="O" Min="0" Max="1" Datatype="ID" MinLength="1" MaxLength="1" Binding="HL70398" BindingStrength="R" ItemNo="01354"/>
		</Segment>
	</Segments>
	<Datatypes>
		<Datatype ID="TS_Z" Label="TS_Z" Name="TS" Description="Time Stamp">
			<Component Name="Time" Usage="R" Datatype="DTM" MinLength="1" MaxLength="24"/>
			<Component Name="Degree of Precision" Usage="X" Datatype="ID" MinLength="1" MaxLength="1" Binding="HL70529" BindingStrength="R"/>
		</Datatype>
		<Datatype ID="CX_IZ" Label="CX_IZ" Name="CX" Description="Extended Composite ID with Check Digit">
			<Component Name="ID Number" Usage="R" Datatype="ST" MinLength="1" MaxLength="15"/>
			<Component Name="Check Digit" Usage="O" Datatype="ST" MinLength="1" MaxLength="1"/>
			<Component Name="Check Digit Scheme" Usage="C" Datatype="ID" MinLength="1" MaxLength="3" Binding="HL70061_IZ" BindingStrength="R"/>
			<Component Name="Assigning Authority" Usage="R" Datatype="HD_IZ" MinLength="1" MaxLength="227" Binding="HL70363_IZ" BindingStrength="R" BindingLocation="1"/>
			<Component Name="Identifier Type Code" Usage="R" Datatype="ID" MinLength="2" MaxLength="5" Binding="HL70203_IZ" BindingStrength="R"/>
			<Component Name="Assigning Facility" Usage="O" Datatype="HD" MinLength="1" MaxLength="227"/>
			<Component Name="Effective Date" Usage="O" Datatype="DT" MinLength="1" MaxLength="8"/>
			<Component Name="Expiration Date" Usage="O" Datatype="DT" MinLength="1" MaxLength="8"/>
			<Component Name="Assigning Jurisdiction" Usage="O" Datatype="CWE" MinLength="1" MaxLength="705"/>
			<Component Name="Assigning Agency or Department" Usage="O" Datatype="CWE" MinLength="1" MaxLength="705"/>
		</Datatype>
		<Datatype ID="EI_IZ_RSP_Z33" Label="EI_IZ_RSP_Z33" Name="EI" Description="Entity Identifier">
			<Component Name="Entity Identifier" Usage="R" Datatype="ST" MinLength="1" MaxLength="199"/>
			<Component Name="Namespace ID" Usage="C" Datatype="IS" MinLength="1" MaxLength="20" Binding="HL70363_IZ" BindingStrength="R"/>
			<Component Name="Universal ID" Usage="C" Datatype="ST" MinLength="1" MaxLength="199"/>
			<Component Name="Universal ID Type" Usage="C" Datatype="ID" MinLength="1" MaxLength="6" Binding="HL70301_IZ" BindingStrength="R"/>
		</Datatype>
		<Datatype ID="PT_IZ" Label="PT_IZ" Name="PT" Description="Processing Type">
			<Component Name="Processing ID" Usage="R" Datatype="ID" MinLength="1" MaxLength="1" Binding="HL70103_IZ" BindingStrength="R"/>
			<Component Name="Processing Mode" Usage="O" Datatype="ID" MinLength="1" MaxLength="1" Binding="HL70207" BindingStrength="R"/>
		</Datatype>
		<Datatype ID="VID_IZ" Label="VID_IZ" Name="VID" Description="Version Identifier">
			<Component Name="Version ID" Usage="R" Datatype="ID" MinLength="5" MaxLength="5" Binding="HL70104_IZ" BindingStrength="R"/>
			<Component Name="Internationalization Code" Usage="O" Datatype="CE" MinLength="1" MaxLength="483" Binding="HL70399" BindingStrength="R" BindingLocation="1"/>
			<Component Name="International Version ID" Usage="O" Datatype="CE" MinLength="1" MaxLength="483"/>
		</Datatype>
		<Datatype ID="DR_IZ_ST" Label="DR_IZ_ST" Name="DR" Description="Date/Time Range">
			<Component Name="Range Start Date/Time" Usage="O" Datatype="DTM" MinLength="1" MaxLength="26"/>
			<Component Name="Range End Date/Time" Usage="O" Datatype="DTM" MinLength="1" MaxLength="26"/>
		</Datatype>
		<Datatype ID="DR" Label="DR" Name="DR" Description="Date/Time Range">
			<Component Name="Range Start Date/Time" Usage="O" Datatype="DTM" MinLength="1" MaxLength="26"/>
			<Component Name="Range End Date/Time" Usage="O" Datatype="DTM" MinLength="1" MaxLength="26"/>
		</Datatype>
		<Datatype ID="CWE_IZ" Label="CWE_IZ" Name="CWE" Description="Coded with Exceptions">
			<Component Name="Identifier" Usage="R" Datatype="ST" MinLength="1" MaxLength="999"/>
			<Component Name="Text" Usage="RE" Datatype="ST" MinLength="1" MaxLength="999"/>
			<Component Name="Name of Coding System" Usage="C" Datatype="ID" MinLength="1" MaxLength="20" Binding="HL70396_IZ" BindingStrength="R"/>
			<Component Name="Alternate Identifier" Usage="O" Datatype="ST" MinLength="1" MaxLength="999"/>
			<Component Name="Alternate Text" Usage="C" Datatype="ST" MinLength="1" MaxLength="999" Hide="true"/>
			<Component Name="Name of Alternate Coding System" Usage="C" Datatype="ID" MinLength="1" MaxLength="20" Binding="HL70396_IZ" BindingStrength="R" Hide="true"/>
			<Component Name="Coding System Version ID" Usage="O" Datatype="ST" MinLength="1" MaxLength="10"/>
			<Component Name="Alternate Coding System Version ID" Usage="O" Datatype="ST" MinLength="1" MaxLength="10"/>
			<Component Name="Original Text" Usage="O" Datatype="ST" MinLength="1" MaxLength="199"/>
		</Datatype>
		<Datatype ID="ERL_IZ" Label="ERL_IZ" Name="ERL" Description="Error Location">
			<Component Name="Segment ID" Usage="R" Datatype="ST" MinLength="3" MaxLength="3"/>
			<Component Name="Segment Sequence" Usage="R" Datatype="NM" MinLength="1" MaxLength="2"/>
			<Component Name="Field Position" Usage="C" Datatype="NM" MinLength="1" MaxLength="2"/>
			<Component Name="Field Repetition" Usage="C" Datatype="NM" MinLength="1" MaxLength="2"/>
			<Component Name="Component Number" Usage="C" Datatype="NM" MinLength="1" MaxLength="2"/>
			<Component Name="Sub-Component Number" Usage="RE" Datatype="NM" MinLength="1" MaxLength="2"/>
		</Datatype>
		<Datatype ID="XPN_IZ" Label="XPN_IZ" Name="XPN" Description="Extended Person Name">
			<Component Name="Family Name" Usage="R" Datatype="FN" MinLength="1" MaxLength="194"/>
			<Component Name="Given Name" Usage="R" Datatype="ST" MinLength="1" MaxLength="30"/>
			<Component Name="Second and Further Given Names or Initials Thereof" Usage="RE" Datatype="ST" MinLength="1" MaxLength="30"/>
			<Component Name="Suffix (e.g., JR or III)" Usage="O" Datatype="ST" MinLength="1" MaxLength="20"/>
			<Component Name="Prefix (e.g., DR)" Usage="O" Datatype="ST" MinLength="1" MaxLength="20"/>
			<Component Name="Degree (e.g., MD)" Usage="X" Datatype="IS" MinLength="1" MaxLength="6" Binding="HL70360" BindingStrength="R"/>
			<Component Name="Name Type Code" Usage="R" Datatype="ID" MinLength="1" MaxLength="1" Binding="HL70200_IZ" BindingStrength="R"/>
			<Component Name="Name Representation Code" Usage="O" Datatype="ID" MinLength="1" MaxLength="1" Binding="HL70465" BindingStrength="R"/>
			<Component Name="Name Context" Usage="O" Datatype="CE" MinLength="1" MaxLength="483" Binding="HL70448" BindingStrength="R" BindingLocation="1"/>
			<Component Name="Name Validity Range" Usage="X" Datatype="DR" MinLength="1" MaxLength="53"/>
			<Component Name="Name Assembly Order" Usage="O" Datatype="ID" MinLength="1" MaxLength="1" Binding="HL70444" BindingStrength="R"/>
			<Component Name="Effective Date" Usage="O" Datatype="TS" MinLength="1" MaxLength="26"/>
			<Component Name="Expiration Date" Usage="O" Datatype="TS" MinLength="1" MaxLength="26"/>
			<Component Name="Professional Suffix" Usage="O" Datatype="ST" MinLength="1" MaxLength="199"/>
		</Datatype>
		<Datatype ID="TS_NZ" Label="TS_NZ" Name="TS" Description="Time Stamp">
			<Component Name="Time" Usage="R" Datatype="DTM" MinLength="1" MaxLength="24"/>
			<Component Name="Degree of Precision" Usage="X" Datatype="ID" MinLength="1" MaxLength="1" Binding="HL70529" BindingStrength="R"/>
		</Datatype>
		<Datatype ID="MSG_IZ_RSP" Label="MSG_IZ_RSP" Name="MSG" Description="Message Type">
			<Component Name="Message Code" Usage="R" Datatype="ID" MinLength="3" MaxLength="3" Binding="HL70076_IZ" BindingStrength="R"/>
			<Component Name="Trigger Event" Usage="R" Datatype="ID" MinLength="3" MaxLength="3" Binding="HL70003_IZ" BindingStrength="R"/>
			<Component Name="Message Structure" Usage="R" Datatype="ID" MinLength="3" MaxLength="7" Binding="HL70354_IZ" BindingStrength="R"/>
		</Datatype>
		<Datatype ID="CE_IZ" Label="CE_IZ" Name="CE" Description="Coded Element">
			<Component Name="Identifier" Usage="R" Datatype="ST" MinLength="1" MaxLength="50"/>
			<Component Name="Text" Usage="RE" Datatype="ST" MinLength="1" MaxLength="999"/>
			<Component Name="Name of Coding System" Usage="R" Datatype="ID" MinLength="1" MaxLength="20" Binding="HL70396_IZ" BindingStrength="R"/>
			<Component Name="Alternate Identifier" Usage="O" Datatype="ST" MinLength="1" MaxLength="50"/>
			<Component Name="Alternate Text" Usage="C" Datatype="ST" MinLength="1" MaxLength="999" Hide="true"/>
			<Component Name="Name of Alternate Coding System" Usage="C" Datatype="ID" MinLength="1" MaxLength="20" Binding="HL70396_IZ" BindingStrength="R" Hide="true"/>
		</Datatype>
		<Datatype ID="XAD_IZ" Label="XAD_IZ" Name="XAD" Description="Extended Address">
			<Component Name="Street Address" Usage="RE" Datatype="SAD_IZ" MinLength="1" MaxLength="184"/>
			<Component Name="Other Designation" Usage="RE" Datatype="ST" MinLength="1" MaxLength="120"/>
			<Component Name="City" Usage="RE" Datatype="ST" MinLength="1" MaxLength="50"/>
			<Component Name="State or Province" Usage="RE" Datatype="ST" MinLength="1" MaxLength="50"/>
			<Component Name="Zip or Postal Code" Usage="RE" Datatype="ST" MinLength="1" MaxLength="12"/>
			<Component Name="Country" Usage="RE" Datatype="ID" MinLength="3" MaxLength="3" Binding="HL70399" BindingStrength="R"/>
			<Component Name="Address Type" Usage="R" Datatype="ID" MinLength="1" MaxLength="3" Binding="HL70190_IZ" BindingStrength="R"/>
			<Component Name="Other Geographic Designation" Usage="O" Datatype="ST" MinLength="1" MaxLength="50"/>
			<Component Name="County/Parish Code" Usage="O" Datatype="IS" MinLength="1" MaxLength="20" Binding="HL70289" BindingStrength="R"/>
			<Component Name="Census Tract" Usage="O" Datatype="IS" MinLength="1" MaxLength="20" Binding="HL70288" BindingStrength="R"/>
			<Component Name="Address Representation Code" Usage="O" Datatype="ID" MinLength="1" MaxLength="1" Binding="HL70465" BindingStrength="R"/>
			<Component Name="Address Validity Range" Usage="X" Datatype="DR" MinLength="1" MaxLength="53"/>
			<Component Name="Effective Date" Usage="O" Datatype="TS" MinLength="1" MaxLength="26"/>
			<Component Name="Expiration Date" Usage="O" Datatype="TS" MinLength="1" MaxLength="26"/>
		</Datatype>
		<Datatype ID="XPN_M" Label="XPN_M" Name="XPN" Description="Extended Person Name">
			<Component Name="Family Name" Usage="R" Datatype="FN" MinLength="1" MaxLength="194"/>
			<Component Name="Given Name" Usage="O" Datatype="ST" MinLength="1" MaxLength="30"/>
			<Component Name="Second and Further Given Names or Initials Thereof" Usage="O" Datatype="ST" MinLength="1" MaxLength="30"/>
			<Component Name="Suffix (e.g., JR or III)" Usage="O" Datatype="ST" MinLength="1" MaxLength="20"/>
			<Component Name="Prefix (e.g., DR)" Usage="O" Datatype="ST" MinLength="1" MaxLength="20"/>
			<Component Name="Degree (e.g., MD)" Usage="X" Datatype="IS" MinLength="1" MaxLength="6" Binding="HL70360" BindingStrength="R"/>
			<Component Name="Name Type Code" Usage="R" Datatype="ID" MinLength="1" MaxLength="1" Binding="HL70200_IZ" BindingStrength="R"/>
			<Component Name="Name Representation Code" Usage="O" Datatype="ID" MinLength="1" MaxLength="1" Binding="HL70465" BindingStrength="R"/>
			<Component Name="Name Context" Usage="O" Datatype="CE" MinLength="1" MaxLength="483" Binding="HL70448" BindingStrength="R" BindingLocation="1"/>
			<Component Name="Name Validity Range" Usage="X" Datatype="DR" MinLength="1" MaxLength="53"/>
			<Component Name="Name Assembly Order" Usage="O" Datatype="ID" MinLength="1" MaxLength="1" Binding="HL70444" BindingStrength="R"/>
			<Component Name="Effective Date" Usage="O" Datatype="TS" MinLength="1" MaxLength="26"/>
			<Component Name="Expiration Date" Usage="O" Datatype="TS" MinLength="1" MaxLength="26"/>
			<Component Name="Professional Suffix" Usage="O" Datatype="ST" MinLength="1" MaxLength="199"/>
		</Datatype>
		<Datatype ID="HD_IZ" Label="HD_IZ" Name="HD" Description="Hierarchic Designator">
			<Component Name="Namespace ID" Usage="C" Datatype="IS" MinLength="1" MaxLength="20" Binding="HL70363_IZ" BindingStrength="R"/>
			<Component Name="Universal ID" Usage="C" Datatype="ST" MinLength="1" MaxLength="199"/>
			<Component Name="Universal ID Type" Usage="C" Datatype="ID" MinLength="1" MaxLength="6" Binding="HL70301_IZ" BindingStrength="R"/>
		</Datatype>
		<Datatype ID="XON_IZ" Label="XON_IZ" Name="XON" Description="Extended Composite Name and Identification Number for Organizations">
			<Component Name="Organization Name" Usage="RE" Datatype="ST" MinLength="1" MaxLength="50"/>
			<Component Name="Organization Name Type Code" Usage="O" Datatype="IS" MinLength="1" MaxLength="20"/>
			<Component Name="ID Number" Usage="X" Datatype="NM" MinLength="1" MaxLength="4"/>
			<Component Name="Check Digit" Usage="O" Datatype="NM" MinLength="1" MaxLength="1"/>
			<Component Name="Check Digit Scheme" Usage="O" Datatype="ID" MinLength="1" MaxLength="3"/>
			<Component Name="Assigning Authority" Usage="C" Datatype="HD_IZ" MinLength="1" MaxLength="227"/>
			<Component Name="Identifier Type Code" Usage="C" Datatype="ID" MinLength="2" MaxLength="5" Binding="HL70203_IZ" BindingStrength="R"/>
			<Component Name="Assigning Facility" Usage="O" Datatype="HD" MinLength="1" MaxLength="227"/>
			<Component Name="Name Representation Code" Usage="O" Datatype="ID" MinLength="1" MaxLength="1"/>
			<Component Name="Organization Identifier" Usage="C" Datatype="ST" MinLength="1" MaxLength="20"/>
		</Datatype>
		<Datatype ID="XTN_IZ" Label="XTN_IZ" Name="XTN" Description="Extended Telecommunication Number">
			<Component Name="Telephone Number" Usage="X" Datatype="ST" MinLength="1" MaxLength="199"/>
			<Component Name="Telecommunication Use Code" Usage="R" Datatype="ID" MinLength="1" MaxLength="3" Binding="HL70201_IZ" BindingStrength="R"/>
			<Component Name="Telecommunication Equipment Type" Usage="RE" Datatype="ID" MinLength="1" MaxLength="8" Binding="HL70202_IZ" BindingStrength="R"/>
			<Component Name="Email Address" Usage="C" Datatype="ST" MinLength="1" MaxLength="199"/>
			<Component Name="Country Code" Usage="O" Datatype="NM" MinLength="1" MaxLength="3"/>
			<Component Name="Area/City Code" Usage="C" Datatype="NM" MinLength="1" MaxLength="3"/>
			<Component Name="Local Number" Usage="C" Datatype="NM" MinLength="1" MaxLength="9"/>
			<Component Name="Extension" Usage="O" Datatype="NM" MinLength="1" MaxLength="5"/>
			<Component Name="Any Text" Usage="O" Datatype="ST" MinLength="1" MaxLength="199"/>
			<Component Name="Extension Prefix" Usage="O" Datatype="ST" MinLength="1" MaxLength="4"/>
			<Component Name="Speed Dial Code" Usage="O" Datatype="ST" MinLength="1" MaxLength="6"/>
			<Component Name="Unformatted Telephone number" Usage="O" Datatype="ST" MinLength="1" MaxLength="199"/>
		</Datatype>
		<Datatype ID="DT" Label="DT" Name="DT" Description="Date"/>
		<Datatype ID="XON" Label="XON" Name="XON" Description="Extended Composite Name and Identification Number for Organizations">
			<Component Name="Organization Name" Usage="O" Datatype="ST" MinLength="1" MaxLength="50"/>
			<Component Name="Organization Name Type Code" Usage="O" Datatype="IS" MinLength="1" MaxLength="20" Binding="HL70204" BindingStrength="R"/>
			<Component Name="ID Number" Usage="X" Datatype="NM" MinLength="1" MaxLength="4"/>
			<Component Name="Check Digit" Usage="O" Datatype="NM" MinLength="1" MaxLength="1"/>
			<Component Name="Check Digit Scheme" Usage="O" Datatype="ID" MinLength="1" MaxLength="3" Binding="HL70061" BindingStrength="R"/>
			<Component Name="Assigning Authority" Usage="O" Datatype="HD" MinLength="1" MaxLength="227" Binding="HL70363" BindingStrength="R" BindingLocation="1"/>
			<Component Name="Identifier Type Code" Usage="O" Datatype="ID" MinLength="1" MaxLength="5" Binding="HL70203" BindingStrength="R"/>
			<Component Name="Assigning Facility" Usage="O" Datatype="HD" MinLength="1" MaxLength="227"/>
			<Component Name="Name Representation Code" Usage="O" Datatype="ID" MinLength="1" MaxLength="1" Binding="HL70465" BindingStrength="R"/>
			<Component Name="Organization Identifier" Usage="O" Datatype="ST" MinLength="1" MaxLength="20"/>
		</Datatype>
		<Datatype ID="TS" Label="TS" Name="TS" Description="Time Stamp">
			<Component Name="Time" Usage="R" Datatype="DTM" MinLength="1" MaxLength="24"/>
			<Component Name="Degree of Precision" Usage="X" Datatype="ID" MinLength="1" MaxLength="1" Binding="HL70529" BindingStrength="R"/>
		</Datatype>
		<Datatype ID="ST" Label="ST" Name="ST" Description="String Data"/>
		<Datatype ID="FN" Label="FN" Name="FN" Description="Family Name">
			<Component Name="Surname" Usage="R" Datatype="ST" MinLength="1" MaxLength="50"/>
			<Component Name="Own Surname Prefix" Usage="O" Datatype="ST" MinLength="1" MaxLength="20"/>
			<Component Name="Own Surname" Usage="O" Datatype="ST" MinLength="1" MaxLength="50"/>
			<Component Name="Surname Prefix From Partner/Spouse" Usage="O" Datatype="ST" MinLength="1" MaxLength="20"/>
			<Component Name="Surname From Partner/Spouse" Usage="O" Datatype="ST" MinLength="1" MaxLength="50"/>
		</Datatype>
		<Datatype ID="ID" Label="ID" Name="ID" Description="String Data"/>
		<Datatype ID="RCD" Label="RCD" Name="RCD" Description="Row Column Definition">
			<Component Name="Segment Field Name" Usage="O" Datatype="ST" MinLength="1" MaxLength="12"/>
			<Component Name="HL7 Data Type" Usage="O" Datatype="ID" MinLength="1" MaxLength="3" Binding="HL70440" BindingStrength="R"/>
			<Component Name="Maximum Column Width" Usage="O" Datatype="NM" MinLength="1" MaxLength="2"/>
		</Datatype>
		<Datatype ID="NUL" Label="NUL" Name="NUL" Description="#FIXME#"/>
		<Datatype ID="SAD" Label="SAD" Name="SAD" Description="Street Address">
			<Component Name="Street or Mailing Address" Usage="O" Datatype="ST" MinLength="1" MaxLength="120"/>
			<Component Name="Street Name" Usage="O" Datatype="ST" MinLength="1" MaxLength="50"/>
			<Component Name="Dwelling Number" Usage="O" Datatype="ST" MinLength="1" MaxLength="12"/>
		</Datatype>
		<Datatype ID="SAD_IZ" Label="SAD_IZ" Name="SAD" Description="Street Address">
			<Component Name="Street or Mailing Address" Usage="R" Datatype="ST" MinLength="1" MaxLength="120"/>
			<Component Name="Street Name" Usage="O" Datatype="ST" MinLength="1" MaxLength="50"/>
			<Component Name="Dwelling Number" Usage="O" Datatype="ST" MinLength="1" MaxLength="12"/>
		</Datatype>
		<Datatype ID="HD" Label="HD" Name="HD" Description="Hierarchic Designator">
			<Component Name="Namespace ID" Usage="O" Datatype="IS" MinLength="1" MaxLength="20" Binding="HL70300" BindingStrength="R"/>
			<Component Name="Universal ID" Usage="C" Datatype="ST" MinLength="1" MaxLength="199"/>
			<Component Name="Universal ID Type" Usage="C" Datatype="ID" MinLength="1" MaxLength="6" Binding="HL70301" BindingStrength="R"/>
		</Datatype>
		<Datatype ID="XTN" Label="XTN" Name="XTN" Description="Extended Telecommunication Number">
			<Component Name="Telephone Number" Usage="X" Datatype="ST" MinLength="1" MaxLength="199"/>
			<Component Name="Telecommunication Use Code" Usage="O" Datatype="ID" MinLength="1" MaxLength="3" Binding="HL70201" BindingStrength="R"/>
			<Component Name="Telecommunication Equipment Type" Usage="O" Datatype="ID" MinLength="1" MaxLength="8" Binding="HL70202" BindingStrength="R"/>
			<Component Name="Email Address" Usage="O" Datatype="ST" MinLength="1" MaxLength="199"/>
			<Component Name="Country Code" Usage="O" Datatype="NM" MinLength="1" MaxLength="3"/>
			<Component Name="Area/City Code" Usage="O" Datatype="NM" MinLength="1" MaxLength="5"/>
			<Component Name="Local Number" Usage="O" Datatype="NM" MinLength="1" MaxLength="9"/>
			<Component Name="Extension" Usage="O" Datatype="NM" MinLength="1" MaxLength="5"/>
			<Component Name="Any Text" Usage="O" Datatype="ST" MinLength="1" MaxLength="199"/>
			<Component Name="Extension Prefix" Usage="O" Datatype="ST" MinLength="1" MaxLength="4"/>
			<Component Name="Speed Dial Code" Usage="O" Datatype="ST" MinLength="1" MaxLength="6"/>
			<Component Name="Unformatted Telephone number" Usage="C" Datatype="ST" MinLength="1" MaxLength="199"/>
		</Datatype>
		<Datatype ID="DTM" Label="DTM" Name="DTM" Description="Date/Time"/>
		<Datatype ID="CWE" Label="CWE" Name="CWE" Description="Coded with Exceptions">
			<Component Name="Identifier" Usage="O" Datatype="ST" MinLength="1" MaxLength="20"/>
			<Component Name="Text" Usage="O" Datatype="ST" MinLength="1" MaxLength="199"/>
			<Component Name="Name of Coding System" Usage="O" Datatype="ID" MinLength="1" MaxLength="20" Binding="HL70396" BindingStrength="R"/>
			<Component Name="Alternate Identifier" Usage="O" Datatype="ST" MinLength="1" MaxLength="20"/>
			<Component Name="Alternate Text" Usage="O" Datatype="ST" MinLength="1" MaxLength="199"/>
			<Component Name="Name of Alternate Coding System" Usage="O" Datatype="ID" MinLength="1" MaxLength="20" Binding="HL70396" BindingStrength="R"/>
			<Component Name="Coding System Version ID" Usage="C" Datatype="ST" MinLength="1" MaxLength="10"/>
			<Component Name="Alternate Coding System Version ID" Usage="O" Datatype="ST" MinLength="1" MaxLength="10"/>
			<Component Name="Original Text" Usage="O" Datatype="ST" MinLength="1" MaxLength="199"/>
		</Datatype>
		<Datatype ID="IS" Label="IS" Name="IS" Description="String Data"/>
		<Datatype ID="varies" Label="varies" Name="varies" Description="varies"/>
		<Datatype ID="ELD" Label="ELD" Name="ELD" Description="Error Location and Description">
			<Component Name="Segment ID" Usage="O" Datatype="ST" MinLength="1" MaxLength="3"/>
			<Component Name="Segment Sequence" Usage="O" Datatype="NM" MinLength="1" MaxLength="2"/>
			<Component Name="Field Position" Usage="O" Datatype="NM" MinLength="1" MaxLength="2"/>
			<Component Name="Code Identifying Error" Usage="O" Datatype="CE" MinLength="1" MaxLength="483" Binding="HL70357" BindingStrength="R" BindingLocation="1"/>
		</Datatype>
		<Datatype ID="CE" Label="CE" Name="CE" Description="Coded Element">
			<Component Name="Identifier" Usage="O" Datatype="ST" MinLength="1" MaxLength="20"/>
			<Component Name="Text" Usage="O" Datatype="ST" MinLength="1" MaxLength="199"/>
			<Component Name="Name of Coding System" Usage="O" Datatype="ID" MinLength="1" MaxLength="20" Binding="HL70396" BindingStrength="R"/>
			<Component Name="Alternate Identifier" Usage="O" Datatype="ST" MinLength="1" MaxLength="20"/>
			<Component Name="Alternate Text" Usage="O" Datatype="ST" MinLength="1" MaxLength="199"/>
			<Component Name="Name of Alternate Coding System" Usage="O" Datatype="ID" MinLength="1" MaxLength="20" Binding="HL70396" BindingStrength="R"/>
		</Datatype>
		<Datatype ID="NM" Label="NM" Name="NM" Description="Numeric"/>
		<Datatype ID="TX" Label="TX" Name="TX" Description="Text Data"/>
	</Datatypes>
</ConformanceProfile>
