{
  "teststorydesc" : "A 4 year old female, Lacy Wells, is brought to a clinic for a well child visit by her guardian Janelle Trudeau. A clinic staff member collects basic patient demographic information including name, date of birth and sex. A clinic provider, Wilma Thomas (physician ID 654) reviews the patient's vaccination history and determines that the child requires DTaP, polio, MMR and varicella vaccinations. The child is covered by insurance and does not qualify for all Vaccine For Children (VFC) supplied vaccines. The guardian is given the appropriate Vaccine Information Sheet (VIS) to review. After reading it, she agrees that the child should receive all the vaccines. She also agrees that the data should be shared once it is incorporated into the local IIS. She indicates that all reminder and recall notifications should be routed to the provider. Appropriate doses of DTap-IPV (KINRIX) and MMRV (ProQuad) are selected from the clinic's stock of privately funded vaccines. A clinician, Lily Jackson (ID 7824) prepares and administers the doses to the patient and enters the data into the EHR and transmits it to the IIS.",
  "comments" : "No Comments",
  "preCondition" : "No PreCondition",
  "postCondition" : "No PostCondition",
  "testObjectives" : "<br>",
  "evaluationCriteria" : "Message Validation Report.<br>",
  "notes" : "<p class=\"MsoNormal\" style=\"margin-bottom: 0.0001pt;\">For new administration messages, the vaccine is communicated using\r\nNDC codes in RXA-5 (Administered Code). For a given vaccine, one or more NDC\r\ncodes may be appropriate to message. For this reason, RXA-5.1 is categorized as\r\n\"Value - Test Case Fixed List\" and allows for multiple valid values. The\r\nMessage Content and Example Message data contain a single representative valid\r\nNDC code for example purposes.<o:p></o:p></p><p class=\"MsoNormal\" style=\"margin-bottom: 0.0001pt;\">ONC has determined that, from a regulatory/program perspective, an HIT Module cannot be required to be able to generate messages with the Vaccine Funding Source OBX segment for 2015 Edition certification testing.  For certification purposes, ONC permits Testers to ignore the error notification generated by the NIST Immunization Test Suite when this segment is missing.  Since the product under test will have to meet state reporting requirements when implemented, and many states require this information, it may be beneficial for HIT Modules to demonstrate support for the Vaccine Funding Source OBX segment during 2015 Edition certification testing. </p>"
}