<?xml version="1.0" encoding="UTF-8"?>

<ConformanceContext UUID="d58f2211-8934-4e88-8c8a-63ed0db95163">
  <Constraints>
    <Message>
      <ByID ID="aa72383a-7b48-46e5-a74a-82e019591fe7">
        <Constraint ID="Content" Target="9[1].5[1].1[1].11[1]">
          <Reference GeneratedBy="Test Case Authoring &amp; Management Tool(TCAMT)" ReferencePath="ORDER[1].OBSERVATION[1].OBX[1].11[1]" Source="Message" TestDataCategorization="Value-Test Case Fixed"/>
          <Description>Expected content is missing. The empty value at ORDER.OBSERVATION.OBX-11 (Observation Result Status) is expected to be present.</Description>
          <Assertion>
            <Presence Path="9[1].5[1].1[1].11[1]"/>
          </Assertion>
        </Constraint>
        <Constraint ID="Content" Target="9[1].5[1].1[1].11[1]">
          <Reference GeneratedBy="Test Case Authoring &amp; Management Tool(TCAMT)" ReferencePath="ORDER[1].OBSERVATION[1].OBX[1].11[1]" Source="Message" TestDataCategorization="Value-Test Case Fixed"/>
          <Description>Invalid content (based on test case fixed data). The value at ORDER.OBSERVATION.OBX-11 (Observation Result Status) does not match the expected value: 'F'.</Description>
          <Assertion>
            <PlainText IgnoreCase="true" Path="9[1].5[1].1[1].11[1]" Text="F"/>
          </Assertion>
        </Constraint>
        <Constraint ID="Content" Target="3[1].8[1]">
          <Reference GeneratedBy="Test Case Authoring &amp; Management Tool(TCAMT)" ReferencePath="PID[1].8[1]" Source="Message" TestDataCategorization="Value-Test Case Fixed"/>
          <Description>Invalid content (based on test case fixed data). The value at PID-8 (Administrative Sex) does not match the expected value: 'F'.</Description>
          <Assertion>
            <PlainText IgnoreCase="true" Path="3[1].8[1]" Text="F"/>
          </Assertion>
        </Constraint>
        <Constraint ID="Content" Target="9[1].5[4].1[1].6[1].1[1]">
          <Reference GeneratedBy="Test Case Authoring &amp; Management Tool(TCAMT)" ReferencePath="ORDER[1].OBSERVATION[4].OBX[1].6[1].1[1]" Source="Message" TestDataCategorization="NonPresence"/>
          <Description>Unexpected content found. The value at ORDER.OBSERVATION[4].OBX-6.1 (Identifier) is not expected to be valued for test case.</Description>
          <Assertion>
            <NOT>
              <Presence Path="9[1].5[4].1[1].6[1].1[1]"/>
            </NOT>
          </Assertion>
        </Constraint>
        <Constraint ID="Content" Target="3[1].11[1].6[1]">
          <Reference GeneratedBy="Test Case Authoring &amp; Management Tool(TCAMT)" ReferencePath="PID[1].11[1].6[1]" Source="Message" TestDataCategorization="Presence-Content Indifferent"/>
          <Description>Expected content is missing. The empty value at PID-11.6 (Country) is expected to be present.</Description>
          <Assertion>
            <Presence Path="3[1].11[1].6[1]"/>
          </Assertion>
        </Constraint>
        <Constraint ID="Content" Target="9[1].5[1].1[1].3[1].3[1]">
          <Reference GeneratedBy="Test Case Authoring &amp; Management Tool(TCAMT)" ReferencePath="ORDER[1].OBSERVATION[1].OBX[1].3[1].3[1]" Source="Message" TestDataCategorization="Value-Profile Fixed"/>
          <Description>Expected content is missing. The empty value at ORDER.OBSERVATION.OBX-3.3 (Name of Coding System) is expected to be present.</Description>
          <Assertion>
            <Presence Path="9[1].5[1].1[1].3[1].3[1]"/>
          </Assertion>
        </Constraint>
        <Constraint ID="Content" Target="9[1].5[2].1[1].1[1]">
          <Reference GeneratedBy="Test Case Authoring &amp; Management Tool(TCAMT)" ReferencePath="ORDER[1].OBSERVATION[2].OBX[1].1[1]" Source="Message" TestDataCategorization="Value-Profile Fixed"/>
          <Description>Expected content is missing. The empty value at ORDER.OBSERVATION[2].OBX-1 (Set ID - OBX) is expected to be present.</Description>
          <Assertion>
            <Presence Path="9[1].5[2].1[1].1[1]"/>
          </Assertion>
        </Constraint>
        <Constraint ID="Content" Target="3[1].10[1].2[1]">
          <Reference GeneratedBy="Test Case Authoring &amp; Management Tool(TCAMT)" ReferencePath="PID[1].10[1].2[1]" Source="Message" TestDataCategorization="Presence-Test Case Proper"/>
          <Description>Expected content is missing. The empty value at PID-10.2 (Text) is expected to be present.</Description>
          <Assertion>
            <Presence Path="3[1].10[1].2[1]"/>
          </Assertion>
        </Constraint>
        <Constraint ID="Content" Target="9[1].5[3].1[1].6[1].2[1]">
          <Reference GeneratedBy="Test Case Authoring &amp; Management Tool(TCAMT)" ReferencePath="ORDER[1].OBSERVATION[3].OBX[1].6[1].2[1]" Source="Message" TestDataCategorization="NonPresence"/>
          <Description>Unexpected content found. The value at ORDER.OBSERVATION[3].OBX-6.2 (Text) is not expected to be valued for test case.</Description>
          <Assertion>
            <NOT>
              <Presence Path="9[1].5[3].1[1].6[1].2[1]"/>
            </NOT>
          </Assertion>
        </Constraint>
        <Constraint ID="Content" Target="9[1].5[2].1[1].6[1].2[1]">
          <Reference GeneratedBy="Test Case Authoring &amp; Management Tool(TCAMT)" ReferencePath="ORDER[1].OBSERVATION[2].OBX[1].6[1].2[1]" Source="Message" TestDataCategorization="NonPresence"/>
          <Description>Unexpected content found. The value at ORDER.OBSERVATION[2].OBX-6.2 (Text) is not expected to be valued for test case.</Description>
          <Assertion>
            <NOT>
              <Presence Path="9[1].5[2].1[1].6[1].2[1]"/>
            </NOT>
          </Assertion>
        </Constraint>
        <Constraint ID="Content" Target="9[1].5[3].1[1].6[1].1[1]">
          <Reference GeneratedBy="Test Case Authoring &amp; Management Tool(TCAMT)" ReferencePath="ORDER[1].OBSERVATION[3].OBX[1].6[1].1[1]" Source="Message" TestDataCategorization="NonPresence"/>
          <Description>Unexpected content found. The value at ORDER.OBSERVATION[3].OBX-6.1 (Identifier) is not expected to be valued for test case.</Description>
          <Assertion>
            <NOT>
              <Presence Path="9[1].5[3].1[1].6[1].1[1]"/>
            </NOT>
          </Assertion>
        </Constraint>
        <Constraint ID="Content" Target="9[1].5[2].1[1].6[1].1[1]">
          <Reference GeneratedBy="Test Case Authoring &amp; Management Tool(TCAMT)" ReferencePath="ORDER[1].OBSERVATION[2].OBX[1].6[1].1[1]" Source="Message" TestDataCategorization="NonPresence"/>
          <Description>Unexpected content found. The value at ORDER.OBSERVATION[2].OBX-6.1 (Identifier) is not expected to be valued for test case.</Description>
          <Assertion>
            <NOT>
              <Presence Path="9[1].5[2].1[1].6[1].1[1]"/>
            </NOT>
          </Assertion>
        </Constraint>
        <Constraint ID="Content" Target="1[1].21[1].2[1]">
          <Reference GeneratedBy="Test Case Authoring &amp; Management Tool(TCAMT)" ReferencePath="MSH[1].21[1].2[1]" Source="Message" TestDataCategorization="Value-Profile Fixed"/>
          <Description>Expected content is missing. The empty value at MSH-21.2 (Namespace ID) is expected to be present.</Description>
          <Assertion>
            <Presence Path="1[1].21[1].2[1]"/>
          </Assertion>
        </Constraint>
        <Constraint ID="Content" Target="3[1].11[1].5[1]">
          <Reference GeneratedBy="Test Case Authoring &amp; Management Tool(TCAMT)" ReferencePath="PID[1].11[1].5[1]" Source="Message" TestDataCategorization="Presence-Content Indifferent"/>
          <Description>Expected content is missing. The empty value at PID-11.5 (Zip or Postal Code) is expected to be present.</Description>
          <Assertion>
            <Presence Path="3[1].11[1].5[1]"/>
          </Assertion>
        </Constraint>
        <Constraint ID="Content" Target="1[1].16[1]">
          <Reference GeneratedBy="Test Case Authoring &amp; Management Tool(TCAMT)" ReferencePath="MSH[1].16[1]" Source="TestCase" TestDataCategorization="Presence Length-System Generated"/>
          <Description>Content does not meet the minimum length requirement. The value at MSH-16 (Application Acknowledgment Type) is expected to be at minimum '2' characters.</Description>
          <Assertion>
            <Format Path="1[1].16[1]" Regex="^.{2,}$"/>
          </Assertion>
        </Constraint>
        <Constraint ID="Content" Target="9[1].5[1].1[1].6[1].3[1]">
          <Reference GeneratedBy="Test Case Authoring &amp; Management Tool(TCAMT)" ReferencePath="ORDER[1].OBSERVATION[1].OBX[1].6[1].3[1]" Source="Message" TestDataCategorization="NonPresence"/>
          <Description>Unexpected content found. The value at ORDER.OBSERVATION.OBX-6.3 (Name of Coding System) is not expected to be valued for test case.</Description>
          <Assertion>
            <NOT>
              <Presence Path="9[1].5[1].1[1].6[1].3[1]"/>
            </NOT>
          </Assertion>
        </Constraint>
        <Constraint ID="Content" Target="9[1].5[4].1[1].2[1]">
          <Reference GeneratedBy="Test Case Authoring &amp; Management Tool(TCAMT)" ReferencePath="ORDER[1].OBSERVATION[4].OBX[1].2[1]" Source="Message" TestDataCategorization="Value-Test Case Fixed"/>
          <Description>Expected content is missing. The empty value at ORDER.OBSERVATION[4].OBX-2 (Value Type) is expected to be present.</Description>
          <Assertion>
            <Presence Path="9[1].5[4].1[1].2[1]"/>
          </Assertion>
        </Constraint>
        <Constraint ID="Content" Target="9[1].5[4].1[1].2[1]">
          <Reference GeneratedBy="Test Case Authoring &amp; Management Tool(TCAMT)" ReferencePath="ORDER[1].OBSERVATION[4].OBX[1].2[1]" Source="Message" TestDataCategorization="Value-Test Case Fixed"/>
          <Description>Invalid content (based on test case fixed data). The value at ORDER.OBSERVATION[4].OBX-2 (Value Type) does not match the expected value: 'TS'.</Description>
          <Assertion>
            <PlainText IgnoreCase="true" Path="9[1].5[4].1[1].2[1]" Text="TS"/>
          </Assertion>
        </Constraint>
        <Constraint ID="Content" Target="9[1].5[3].1[1].3[1].2[1]">
          <Reference GeneratedBy="Test Case Authoring &amp; Management Tool(TCAMT)" ReferencePath="ORDER[1].OBSERVATION[3].OBX[1].3[1].2[1]" Source="Message" TestDataCategorization="Presence-Test Case Proper"/>
          <Description>Expected content is missing. The empty value at ORDER.OBSERVATION[3].OBX-3.2 (Text) is expected to be present.</Description>
          <Assertion>
            <Presence Path="9[1].5[3].1[1].3[1].2[1]"/>
          </Assertion>
        </Constraint>
        <Constraint ID="Content" Target="9[1].5[4].1[1].3[1].2[1]">
          <Reference GeneratedBy="Test Case Authoring &amp; Management Tool(TCAMT)" ReferencePath="ORDER[1].OBSERVATION[4].OBX[1].3[1].2[1]" Source="Message" TestDataCategorization="Presence-Test Case Proper"/>
          <Description>Expected content is missing. The empty value at ORDER.OBSERVATION[4].OBX-3.2 (Text) is expected to be present.</Description>
          <Assertion>
            <Presence Path="9[1].5[4].1[1].3[1].2[1]"/>
          </Assertion>
        </Constraint>
        <Constraint ID="Content" Target="9[1].5[3].1[1].3[1].3[1]">
          <Reference GeneratedBy="Test Case Authoring &amp; Management Tool(TCAMT)" ReferencePath="ORDER[1].OBSERVATION[3].OBX[1].3[1].3[1]" Source="Message" TestDataCategorization="Value-Profile Fixed"/>
          <Description>Expected content is missing. The empty value at ORDER.OBSERVATION[3].OBX-3.3 (Name of Coding System) is expected to be present.</Description>
          <Assertion>
            <Presence Path="9[1].5[3].1[1].3[1].3[1]"/>
          </Assertion>
        </Constraint>
        <Constraint ID="Content" Target="9[1].5[4].1[1].11[1]">
          <Reference GeneratedBy="Test Case Authoring &amp; Management Tool(TCAMT)" ReferencePath="ORDER[1].OBSERVATION[4].OBX[1].11[1]" Source="Message" TestDataCategorization="Value-Test Case Fixed"/>
          <Description>Expected content is missing. The empty value at ORDER.OBSERVATION[4].OBX-11 (Observation Result Status) is expected to be present.</Description>
          <Assertion>
            <Presence Path="9[1].5[4].1[1].11[1]"/>
          </Assertion>
        </Constraint>
        <Constraint ID="Content" Target="9[1].5[4].1[1].11[1]">
          <Reference GeneratedBy="Test Case Authoring &amp; Management Tool(TCAMT)" ReferencePath="ORDER[1].OBSERVATION[4].OBX[1].11[1]" Source="Message" TestDataCategorization="Value-Test Case Fixed"/>
          <Description>Invalid content (based on test case fixed data). The value at ORDER.OBSERVATION[4].OBX-11 (Observation Result Status) does not match the expected value: 'F'.</Description>
          <Assertion>
            <PlainText IgnoreCase="true" Path="9[1].5[4].1[1].11[1]" Text="F"/>
          </Assertion>
        </Constraint>
        <Constraint ID="Content" Target="9[1].5[2].1[1].3[1].1[1]">
          <Reference GeneratedBy="Test Case Authoring &amp; Management Tool(TCAMT)" ReferencePath="ORDER[1].OBSERVATION[2].OBX[1].3[1].1[1]" Source="Message" TestDataCategorization="Value-Test Case Fixed"/>
          <Description>Expected content is missing. The empty value at ORDER.OBSERVATION[2].OBX-3.1 (Identifier) is expected to be present.</Description>
          <Assertion>
            <Presence Path="9[1].5[2].1[1].3[1].1[1]"/>
          </Assertion>
        </Constraint>
        <Constraint ID="Content" Target="9[1].5[2].1[1].3[1].1[1]">
          <Reference GeneratedBy="Test Case Authoring &amp; Management Tool(TCAMT)" ReferencePath="ORDER[1].OBSERVATION[2].OBX[1].3[1].1[1]" Source="Message" TestDataCategorization="Value-Test Case Fixed"/>
          <Description>Invalid content (based on test case fixed data). The value at ORDER.OBSERVATION[2].OBX-3.1 (Identifier) does not match the expected value: '30956-7'.</Description>
          <Assertion>
            <PlainText IgnoreCase="true" Path="9[1].5[2].1[1].3[1].1[1]" Text="30956-7"/>
          </Assertion>
        </Constraint>
        <Constraint ID="Content" Target="3[1].11[1].4[1]">
          <Reference GeneratedBy="Test Case Authoring &amp; Management Tool(TCAMT)" ReferencePath="PID[1].11[1].4[1]" Source="Message" TestDataCategorization="Presence-Content Indifferent"/>
          <Description>Expected content is missing. The empty value at PID-11.4 (State or Province) is expected to be present.</Description>
          <Assertion>
            <Presence Path="3[1].11[1].4[1]"/>
          </Assertion>
        </Constraint>
        <Constraint ID="Content" Target="3[1].22[1].2[1]">
          <Reference GeneratedBy="Test Case Authoring &amp; Management Tool(TCAMT)" ReferencePath="PID[1].22[1].2[1]" Source="Message" TestDataCategorization="Presence-Test Case Proper"/>
          <Description>Expected content is missing. The empty value at PID-22.2 (Text) is expected to be present.</Description>
          <Assertion>
            <Presence Path="3[1].22[1].2[1]"/>
          </Assertion>
        </Constraint>
        <Constraint ID="Content" Target="3[1].22[1].1[1]">
          <Reference GeneratedBy="Test Case Authoring &amp; Management Tool(TCAMT)" ReferencePath="PID[1].22[1].1[1]" Source="Message" TestDataCategorization="Value-Test Case Fixed"/>
          <Description>Expected content is missing. The empty value at PID-22.1 (Identifier) is expected to be present.</Description>
          <Assertion>
            <Presence Path="3[1].22[1].1[1]"/>
          </Assertion>
        </Constraint>
        <Constraint ID="Content" Target="3[1].22[1].1[1]">
          <Reference GeneratedBy="Test Case Authoring &amp; Management Tool(TCAMT)" ReferencePath="PID[1].22[1].1[1]" Source="Message" TestDataCategorization="Value-Test Case Fixed"/>
          <Description>Invalid content (based on test case fixed data). The value at PID-22.1 (Identifier) does not match the expected value: '2186-5'.</Description>
          <Assertion>
            <PlainText IgnoreCase="true" Path="3[1].22[1].1[1]" Text="2186-5"/>
          </Assertion>
        </Constraint>
        <Constraint ID="Content" Target="9[1].5[1].1[1].3[1].2[1]">
          <Reference GeneratedBy="Test Case Authoring &amp; Management Tool(TCAMT)" ReferencePath="ORDER[1].OBSERVATION[1].OBX[1].3[1].2[1]" Source="Message" TestDataCategorization="Presence-Test Case Proper"/>
          <Description>Expected content is missing. The empty value at ORDER.OBSERVATION.OBX-3.2 (Text) is expected to be present.</Description>
          <Assertion>
            <Presence Path="9[1].5[1].1[1].3[1].2[1]"/>
          </Assertion>
        </Constraint>
        <Constraint ID="Content" Target="1[1].1[1]">
          <Reference GeneratedBy="Test Case Authoring &amp; Management Tool(TCAMT)" ReferencePath="MSH[1].1[1]" Source="TestCase" TestDataCategorization="Presence Length-Configuration"/>
          <Description>Content does not meet the minimum length requirement. The value at MSH-1 (Field Separator) is expected to be at minimum '1' characters.</Description>
          <Assertion>
            <Format Path="1[1].1[1]" Regex="^.{1,}$"/>
          </Assertion>
        </Constraint>
        <Constraint ID="Content" Target="9[1].5[2].1[1].3[1].3[1]">
          <Reference GeneratedBy="Test Case Authoring &amp; Management Tool(TCAMT)" ReferencePath="ORDER[1].OBSERVATION[2].OBX[1].3[1].3[1]" Source="Message" TestDataCategorization="Value-Profile Fixed"/>
          <Description>Expected content is missing. The empty value at ORDER.OBSERVATION[2].OBX-3.3 (Name of Coding System) is expected to be present.</Description>
          <Assertion>
            <Presence Path="9[1].5[2].1[1].3[1].3[1]"/>
          </Assertion>
        </Constraint>
        <Constraint ID="Content" Target="9[1].5[2].1[1].11[1]">
          <Reference GeneratedBy="Test Case Authoring &amp; Management Tool(TCAMT)" ReferencePath="ORDER[1].OBSERVATION[2].OBX[1].11[1]" Source="Message" TestDataCategorization="Value-Test Case Fixed"/>
          <Description>Expected content is missing. The empty value at ORDER.OBSERVATION[2].OBX-11 (Observation Result Status) is expected to be present.</Description>
          <Assertion>
            <Presence Path="9[1].5[2].1[1].11[1]"/>
          </Assertion>
        </Constraint>
        <Constraint ID="Content" Target="9[1].5[2].1[1].11[1]">
          <Reference GeneratedBy="Test Case Authoring &amp; Management Tool(TCAMT)" ReferencePath="ORDER[1].OBSERVATION[2].OBX[1].11[1]" Source="Message" TestDataCategorization="Value-Test Case Fixed"/>
          <Description>Invalid content (based on test case fixed data). The value at ORDER.OBSERVATION[2].OBX-11 (Observation Result Status) does not match the expected value: 'F'.</Description>
          <Assertion>
            <PlainText IgnoreCase="true" Path="9[1].5[2].1[1].11[1]" Text="F"/>
          </Assertion>
        </Constraint>
        <Constraint ID="Content" Target="9[1].5[4].1[1].6[1].3[1]">
          <Reference GeneratedBy="Test Case Authoring &amp; Management Tool(TCAMT)" ReferencePath="ORDER[1].OBSERVATION[4].OBX[1].6[1].3[1]" Source="Message" TestDataCategorization="NonPresence"/>
          <Description>Unexpected content found. The value at ORDER.OBSERVATION[4].OBX-6.3 (Name of Coding System) is not expected to be valued for test case.</Description>
          <Assertion>
            <NOT>
              <Presence Path="9[1].5[4].1[1].6[1].3[1]"/>
            </NOT>
          </Assertion>
        </Constraint>
        <Constraint ID="Content" Target="9[1].5[4].1[1].1[1]">
          <Reference GeneratedBy="Test Case Authoring &amp; Management Tool(TCAMT)" ReferencePath="ORDER[1].OBSERVATION[4].OBX[1].1[1]" Source="Message" TestDataCategorization="Value-Profile Fixed"/>
          <Description>Expected content is missing. The empty value at ORDER.OBSERVATION[4].OBX-1 (Set ID - OBX) is expected to be present.</Description>
          <Assertion>
            <Presence Path="9[1].5[4].1[1].1[1]"/>
          </Assertion>
        </Constraint>
        <Constraint ID="Content" Target="9[1].5[1].1[1].6[1].1[1]">
          <Reference GeneratedBy="Test Case Authoring &amp; Management Tool(TCAMT)" ReferencePath="ORDER[1].OBSERVATION[1].OBX[1].6[1].1[1]" Source="Message" TestDataCategorization="NonPresence"/>
          <Description>Unexpected content found. The value at ORDER.OBSERVATION.OBX-6.1 (Identifier) is not expected to be valued for test case.</Description>
          <Assertion>
            <NOT>
              <Presence Path="9[1].5[1].1[1].6[1].1[1]"/>
            </NOT>
          </Assertion>
        </Constraint>
        <Constraint ID="Content" Target="3[1].10[1].3[1]">
          <Reference GeneratedBy="Test Case Authoring &amp; Management Tool(TCAMT)" ReferencePath="PID[1].10[1].3[1]" Source="Message" TestDataCategorization="Value-Profile Fixed"/>
          <Description>Expected content is missing. The empty value at PID-10.3 (Name of Coding System) is expected to be present.</Description>
          <Assertion>
            <Presence Path="3[1].10[1].3[1]"/>
          </Assertion>
        </Constraint>
        <Constraint ID="Content" Target="9[1].5[4].1[1].3[1].1[1]">
          <Reference GeneratedBy="Test Case Authoring &amp; Management Tool(TCAMT)" ReferencePath="ORDER[1].OBSERVATION[4].OBX[1].3[1].1[1]" Source="Message" TestDataCategorization="Value-Test Case Fixed"/>
          <Description>Expected content is missing. The empty value at ORDER.OBSERVATION[4].OBX-3.1 (Identifier) is expected to be present.</Description>
          <Assertion>
            <Presence Path="9[1].5[4].1[1].3[1].1[1]"/>
          </Assertion>
        </Constraint>
        <Constraint ID="Content" Target="9[1].5[4].1[1].3[1].1[1]">
          <Reference GeneratedBy="Test Case Authoring &amp; Management Tool(TCAMT)" ReferencePath="ORDER[1].OBSERVATION[4].OBX[1].3[1].1[1]" Source="Message" TestDataCategorization="Value-Test Case Fixed"/>
          <Description>Invalid content (based on test case fixed data). The value at ORDER.OBSERVATION[4].OBX-3.1 (Identifier) does not match the expected value: '29769-7'.</Description>
          <Assertion>
            <PlainText IgnoreCase="true" Path="9[1].5[4].1[1].3[1].1[1]" Text="29769-7"/>
          </Assertion>
        </Constraint>
        <Constraint ID="Content" Target="3[1].10[1].1[1]">
          <Reference GeneratedBy="Test Case Authoring &amp; Management Tool(TCAMT)" ReferencePath="PID[1].10[1].1[1]" Source="Message" TestDataCategorization="Value-Test Case Fixed"/>
          <Description>Expected content is missing. The empty value at PID-10.1 (Identifier) is expected to be present.</Description>
          <Assertion>
            <Presence Path="3[1].10[1].1[1]"/>
          </Assertion>
        </Constraint>
        <Constraint ID="Content" Target="3[1].10[1].1[1]">
          <Reference GeneratedBy="Test Case Authoring &amp; Management Tool(TCAMT)" ReferencePath="PID[1].10[1].1[1]" Source="Message" TestDataCategorization="Value-Test Case Fixed"/>
          <Description>Invalid content (based on test case fixed data). The value at PID-10.1 (Identifier) does not match the expected value: '2076-8'.</Description>
          <Assertion>
            <PlainText IgnoreCase="true" Path="3[1].10[1].1[1]" Text="2076-8"/>
          </Assertion>
        </Constraint>
        <Constraint ID="Content" Target="9[1].5[2].1[1].3[1].2[1]">
          <Reference GeneratedBy="Test Case Authoring &amp; Management Tool(TCAMT)" ReferencePath="ORDER[1].OBSERVATION[2].OBX[1].3[1].2[1]" Source="Message" TestDataCategorization="Presence-Test Case Proper"/>
          <Description>Expected content is missing. The empty value at ORDER.OBSERVATION[2].OBX-3.2 (Text) is expected to be present.</Description>
          <Assertion>
            <Presence Path="9[1].5[2].1[1].3[1].2[1]"/>
          </Assertion>
        </Constraint>
        <Constraint ID="Content" Target="9[1].5[1].1[1].2[1]">
          <Reference GeneratedBy="Test Case Authoring &amp; Management Tool(TCAMT)" ReferencePath="ORDER[1].OBSERVATION[1].OBX[1].2[1]" Source="Message" TestDataCategorization="Value-Test Case Fixed"/>
          <Description>Expected content is missing. The empty value at ORDER.OBSERVATION.OBX-2 (Value Type) is expected to be present.</Description>
          <Assertion>
            <Presence Path="9[1].5[1].1[1].2[1]"/>
          </Assertion>
        </Constraint>
        <Constraint ID="Content" Target="9[1].5[1].1[1].2[1]">
          <Reference GeneratedBy="Test Case Authoring &amp; Management Tool(TCAMT)" ReferencePath="ORDER[1].OBSERVATION[1].OBX[1].2[1]" Source="Message" TestDataCategorization="Value-Test Case Fixed"/>
          <Description>Invalid content (based on test case fixed data). The value at ORDER.OBSERVATION.OBX-2 (Value Type) does not match the expected value: 'CE'.</Description>
          <Assertion>
            <PlainText IgnoreCase="true" Path="9[1].5[1].1[1].2[1]" Text="CE"/>
          </Assertion>
        </Constraint>
        <Constraint ID="Content" Target="9[1].5[1].1[1].6[1].2[1]">
          <Reference GeneratedBy="Test Case Authoring &amp; Management Tool(TCAMT)" ReferencePath="ORDER[1].OBSERVATION[1].OBX[1].6[1].2[1]" Source="Message" TestDataCategorization="NonPresence"/>
          <Description>Unexpected content found. The value at ORDER.OBSERVATION.OBX-6.2 (Text) is not expected to be valued for test case.</Description>
          <Assertion>
            <NOT>
              <Presence Path="9[1].5[1].1[1].6[1].2[1]"/>
            </NOT>
          </Assertion>
        </Constraint>
        <Constraint ID="Content" Target="1[1].2[1]">
          <Reference GeneratedBy="Test Case Authoring &amp; Management Tool(TCAMT)" ReferencePath="MSH[1].2[1]" Source="TestCase" TestDataCategorization="Presence Length-Content Indifferent"/>
          <Description>Content does not meet the minimum length requirement. The value at MSH-2 (Encoding Characters) is expected to be at minimum '4' characters.</Description>
          <Assertion>
            <Format Path="1[1].2[1]" Regex="^.{4,}$"/>
          </Assertion>
        </Constraint>
        <Constraint ID="Content" Target="1[1].4[1].1[1]">
          <Reference GeneratedBy="Test Case Authoring &amp; Management Tool(TCAMT)" ReferencePath="MSH[1].4[1].1[1]" Source="Message" TestDataCategorization="Presence-Configuration"/>
          <Description>Expected content is missing. The empty value at MSH-4.1 (Namespace ID) is expected to be present.</Description>
          <Assertion>
            <Presence Path="1[1].4[1].1[1]"/>
          </Assertion>
        </Constraint>
        <Constraint ID="Content" Target="9[1].5[4].1[1].3[1].3[1]">
          <Reference GeneratedBy="Test Case Authoring &amp; Management Tool(TCAMT)" ReferencePath="ORDER[1].OBSERVATION[4].OBX[1].3[1].3[1]" Source="Message" TestDataCategorization="Value-Profile Fixed"/>
          <Description>Expected content is missing. The empty value at ORDER.OBSERVATION[4].OBX-3.3 (Name of Coding System) is expected to be present.</Description>
          <Assertion>
            <Presence Path="9[1].5[4].1[1].3[1].3[1]"/>
          </Assertion>
        </Constraint>
        <Constraint ID="Content" Target="9[1].5[4].1[1].6[1].2[1]">
          <Reference GeneratedBy="Test Case Authoring &amp; Management Tool(TCAMT)" ReferencePath="ORDER[1].OBSERVATION[4].OBX[1].6[1].2[1]" Source="Message" TestDataCategorization="NonPresence"/>
          <Description>Unexpected content found. The value at ORDER.OBSERVATION[4].OBX-6.2 (Text) is not expected to be valued for test case.</Description>
          <Assertion>
            <NOT>
              <Presence Path="9[1].5[4].1[1].6[1].2[1]"/>
            </NOT>
          </Assertion>
        </Constraint>
        <Constraint ID="Content" Target="3[1].3[1].5[1]">
          <Reference GeneratedBy="Test Case Authoring &amp; Management Tool(TCAMT)" ReferencePath="PID[1].3[1].5[1]" Source="Message" TestDataCategorization="Value-Test Case Fixed"/>
          <Description>Invalid content (based on test case fixed data). The value at PID-3.5 (Identifier Type Code) does not match the expected value: 'MR'.</Description>
          <Assertion>
            <PlainText IgnoreCase="true" Path="3[1].3[1].5[1]" Text="MR"/>
          </Assertion>
        </Constraint>
        <Constraint ID="Content" Target="9[1].5[3].1[1].3[1].1[1]">
          <Reference GeneratedBy="Test Case Authoring &amp; Management Tool(TCAMT)" ReferencePath="ORDER[1].OBSERVATION[3].OBX[1].3[1].1[1]" Source="Message" TestDataCategorization="Value-Test Case Fixed"/>
          <Description>Expected content is missing. The empty value at ORDER.OBSERVATION[3].OBX-3.1 (Identifier) is expected to be present.</Description>
          <Assertion>
            <Presence Path="9[1].5[3].1[1].3[1].1[1]"/>
          </Assertion>
        </Constraint>
        <Constraint ID="Content" Target="9[1].5[3].1[1].3[1].1[1]">
          <Reference GeneratedBy="Test Case Authoring &amp; Management Tool(TCAMT)" ReferencePath="ORDER[1].OBSERVATION[3].OBX[1].3[1].1[1]" Source="Message" TestDataCategorization="Value-Test Case Fixed"/>
          <Description>Invalid content (based on test case fixed data). The value at ORDER.OBSERVATION[3].OBX-3.1 (Identifier) does not match the expected value: '29768-9'.</Description>
          <Assertion>
            <PlainText IgnoreCase="true" Path="9[1].5[3].1[1].3[1].1[1]" Text="29768-9"/>
          </Assertion>
        </Constraint>
        <Constraint ID="Content" Target="9[1].5[1].1[1].1[1]">
          <Reference GeneratedBy="Test Case Authoring &amp; Management Tool(TCAMT)" ReferencePath="ORDER[1].OBSERVATION[1].OBX[1].1[1]" Source="Message" TestDataCategorization="Value-Profile Fixed"/>
          <Description>Expected content is missing. The empty value at ORDER.OBSERVATION.OBX-1 (Set ID - OBX) is expected to be present.</Description>
          <Assertion>
            <Presence Path="9[1].5[1].1[1].1[1]"/>
          </Assertion>
        </Constraint>
        <Constraint ID="Content" Target="3[1].22[1].3[1]">
          <Reference GeneratedBy="Test Case Authoring &amp; Management Tool(TCAMT)" ReferencePath="PID[1].22[1].3[1]" Source="Message" TestDataCategorization="Value-Profile Fixed"/>
          <Description>Expected content is missing. The empty value at PID-22.3 (Name of Coding System) is expected to be present.</Description>
          <Assertion>
            <Presence Path="3[1].22[1].3[1]"/>
          </Assertion>
        </Constraint>
        <Constraint ID="Content" Target="9[1].5[2].1[1].6[1].3[1]">
          <Reference GeneratedBy="Test Case Authoring &amp; Management Tool(TCAMT)" ReferencePath="ORDER[1].OBSERVATION[2].OBX[1].6[1].3[1]" Source="Message" TestDataCategorization="NonPresence"/>
          <Description>Unexpected content found. The value at ORDER.OBSERVATION[2].OBX-6.3 (Name of Coding System) is not expected to be valued for test case.</Description>
          <Assertion>
            <NOT>
              <Presence Path="9[1].5[2].1[1].6[1].3[1]"/>
            </NOT>
          </Assertion>
        </Constraint>
        <Constraint ID="Content" Target="9[1].5[3].1[1].2[1]">
          <Reference GeneratedBy="Test Case Authoring &amp; Management Tool(TCAMT)" ReferencePath="ORDER[1].OBSERVATION[3].OBX[1].2[1]" Source="Message" TestDataCategorization="Value-Test Case Fixed"/>
          <Description>Expected content is missing. The empty value at ORDER.OBSERVATION[3].OBX-2 (Value Type) is expected to be present.</Description>
          <Assertion>
            <Presence Path="9[1].5[3].1[1].2[1]"/>
          </Assertion>
        </Constraint>
        <Constraint ID="Content" Target="9[1].5[3].1[1].2[1]">
          <Reference GeneratedBy="Test Case Authoring &amp; Management Tool(TCAMT)" ReferencePath="ORDER[1].OBSERVATION[3].OBX[1].2[1]" Source="Message" TestDataCategorization="Value-Test Case Fixed"/>
          <Description>Invalid content (based on test case fixed data). The value at ORDER.OBSERVATION[3].OBX-2 (Value Type) does not match the expected value: 'TS'.</Description>
          <Assertion>
            <PlainText IgnoreCase="true" Path="9[1].5[3].1[1].2[1]" Text="TS"/>
          </Assertion>
        </Constraint>
        <Constraint ID="Content" Target="3[1].11[1].3[1]">
          <Reference GeneratedBy="Test Case Authoring &amp; Management Tool(TCAMT)" ReferencePath="PID[1].11[1].3[1]" Source="Message" TestDataCategorization="Presence-Content Indifferent"/>
          <Description>Expected content is missing. The empty value at PID-11.3 (City) is expected to be present.</Description>
          <Assertion>
            <Presence Path="3[1].11[1].3[1]"/>
          </Assertion>
        </Constraint>
        <Constraint ID="Content" Target="3[1].11[1].1[1].1[1]">
          <Reference GeneratedBy="Test Case Authoring &amp; Management Tool(TCAMT)" ReferencePath="PID[1].11[1].1[1].1[1]" Source="Message" TestDataCategorization="Presence-Content Indifferent"/>
          <Description>Expected content is missing. The empty value at PID-11.1.1 (Street or Mailing Address) is expected to be present.</Description>
          <Assertion>
            <Presence Path="3[1].11[1].1[1].1[1]"/>
          </Assertion>
        </Constraint>
        <Constraint ID="Content" Target="3[1].3[1].4[1].1[1]">
          <Reference GeneratedBy="Test Case Authoring &amp; Management Tool(TCAMT)" ReferencePath="PID[1].3[1].4[1].1[1]" Source="Message" TestDataCategorization="Presence-Content Indifferent"/>
          <Description>Expected content is missing. The empty value at PID-3.4.1 (Namespace ID) is expected to be present.</Description>
          <Assertion>
            <Presence Path="3[1].3[1].4[1].1[1]"/>
          </Assertion>
        </Constraint>
        <Constraint ID="Content" Target="9[1].5[3].1[1].1[1]">
          <Reference GeneratedBy="Test Case Authoring &amp; Management Tool(TCAMT)" ReferencePath="ORDER[1].OBSERVATION[3].OBX[1].1[1]" Source="Message" TestDataCategorization="Value-Profile Fixed"/>
          <Description>Expected content is missing. The empty value at ORDER.OBSERVATION[3].OBX-1 (Set ID - OBX) is expected to be present.</Description>
          <Assertion>
            <Presence Path="9[1].5[3].1[1].1[1]"/>
          </Assertion>
        </Constraint>
        <Constraint ID="Content" Target="9[1].5[1].1[1].3[1].1[1]">
          <Reference GeneratedBy="Test Case Authoring &amp; Management Tool(TCAMT)" ReferencePath="ORDER[1].OBSERVATION[1].OBX[1].3[1].1[1]" Source="Message" TestDataCategorization="Value-Test Case Fixed"/>
          <Description>Expected content is missing. The empty value at ORDER.OBSERVATION.OBX-3.1 (Identifier) is expected to be present.</Description>
          <Assertion>
            <Presence Path="9[1].5[1].1[1].3[1].1[1]"/>
          </Assertion>
        </Constraint>
        <Constraint ID="Content" Target="9[1].5[1].1[1].3[1].1[1]">
          <Reference GeneratedBy="Test Case Authoring &amp; Management Tool(TCAMT)" ReferencePath="ORDER[1].OBSERVATION[1].OBX[1].3[1].1[1]" Source="Message" TestDataCategorization="Value-Test Case Fixed"/>
          <Description>Invalid content (based on test case fixed data). The value at ORDER.OBSERVATION.OBX-3.1 (Identifier) does not match the expected value: '64994-7'.</Description>
          <Assertion>
            <PlainText IgnoreCase="true" Path="9[1].5[1].1[1].3[1].1[1]" Text="64994-7"/>
          </Assertion>
        </Constraint>
        <Constraint ID="Content" Target="9[1].5[3].1[1].11[1]">
          <Reference GeneratedBy="Test Case Authoring &amp; Management Tool(TCAMT)" ReferencePath="ORDER[1].OBSERVATION[3].OBX[1].11[1]" Source="Message" TestDataCategorization="Value-Test Case Fixed"/>
          <Description>Expected content is missing. The empty value at ORDER.OBSERVATION[3].OBX-11 (Observation Result Status) is expected to be present.</Description>
          <Assertion>
            <Presence Path="9[1].5[3].1[1].11[1]"/>
          </Assertion>
        </Constraint>
        <Constraint ID="Content" Target="9[1].5[3].1[1].11[1]">
          <Reference GeneratedBy="Test Case Authoring &amp; Management Tool(TCAMT)" ReferencePath="ORDER[1].OBSERVATION[3].OBX[1].11[1]" Source="Message" TestDataCategorization="Value-Test Case Fixed"/>
          <Description>Invalid content (based on test case fixed data). The value at ORDER.OBSERVATION[3].OBX-11 (Observation Result Status) does not match the expected value: 'F'.</Description>
          <Assertion>
            <PlainText IgnoreCase="true" Path="9[1].5[3].1[1].11[1]" Text="F"/>
          </Assertion>
        </Constraint>
        <Constraint ID="Content" Target="9[1].5[3].1[1].6[1].3[1]">
          <Reference GeneratedBy="Test Case Authoring &amp; Management Tool(TCAMT)" ReferencePath="ORDER[1].OBSERVATION[3].OBX[1].6[1].3[1]" Source="Message" TestDataCategorization="NonPresence"/>
          <Description>Unexpected content found. The value at ORDER.OBSERVATION[3].OBX-6.3 (Name of Coding System) is not expected to be valued for test case.</Description>
          <Assertion>
            <NOT>
              <Presence Path="9[1].5[3].1[1].6[1].3[1]"/>
            </NOT>
          </Assertion>
        </Constraint>
        <Constraint ID="Content" Target="9[1].5[2].1[1].2[1]">
          <Reference GeneratedBy="Test Case Authoring &amp; Management Tool(TCAMT)" ReferencePath="ORDER[1].OBSERVATION[2].OBX[1].2[1]" Source="Message" TestDataCategorization="Value-Test Case Fixed"/>
          <Description>Expected content is missing. The empty value at ORDER.OBSERVATION[2].OBX-2 (Value Type) is expected to be present.</Description>
          <Assertion>
            <Presence Path="9[1].5[2].1[1].2[1]"/>
          </Assertion>
        </Constraint>
        <Constraint ID="Content" Target="9[1].5[2].1[1].2[1]">
          <Reference GeneratedBy="Test Case Authoring &amp; Management Tool(TCAMT)" ReferencePath="ORDER[1].OBSERVATION[2].OBX[1].2[1]" Source="Message" TestDataCategorization="Value-Test Case Fixed"/>
          <Description>Invalid content (based on test case fixed data). The value at ORDER.OBSERVATION[2].OBX-2 (Value Type) does not match the expected value: 'CE'.</Description>
          <Assertion>
            <PlainText IgnoreCase="true" Path="9[1].5[2].1[1].2[1]" Text="CE"/>
          </Assertion>
        </Constraint>
      </ByID>
    </Message>
  </Constraints>
</ConformanceContext>
