{
"version" : "1.8.3",
"profile" : "MessageContent",
"tables":
[
		{
			"title":"MSH : Message Header",
			"elements" : 
			[
				{"location" : "MSH.1", "dataelement" : "Field Separator", "data" : "|", "categorization"
: "Presence Length-Configuration"},
				{"location" : "MSH.2", "dataelement" : "Encoding Characters", "data" : "^~\&amp;",
"categorization" : "Presence Length-Content Indifferent"},
				{"location" : "MSH.3", "dataelement" : "Sending Application", "data" : "", "categorization"
: ""},
							{"location" : "MSH.3.1", "dataelement" : "Namespace ID", "data" : "Test EHR
Application", "categorization" : ""},
							{"location" : "MSH.3.2", "dataelement" : "Universal ID", "data" : "", "categorization"
: ""},
							{"location" : "MSH.3.3", "dataelement" : "Universal ID Type", "data" : "",
"categorization" : ""},
				{"location" : "MSH.4", "dataelement" : "Sending Facility", "data" : "", "categorization"
: ""},
							{"location" : "MSH.4.1", "dataelement" : "Namespace ID", "data" : "X68", "categorization"
: "Presence-Configuration"},
							{"location" : "MSH.4.2", "dataelement" : "Universal ID", "data" : "", "categorization"
: "Indifferent"},
							{"location" : "MSH.4.3", "dataelement" : "Universal ID Type", "data" : "",
"categorization" : "Indifferent"},
				{"location" : "MSH.5", "dataelement" : "Receiving Application", "data" : "", "categorization"
: ""},
							{"location" : "MSH.5.1", "dataelement" : "Namespace ID", "data" : "", "categorization"
: ""},
							{"location" : "MSH.5.2", "dataelement" : "Universal ID", "data" : "", "categorization"
: ""},
							{"location" : "MSH.5.3", "dataelement" : "Universal ID Type", "data" : "",
"categorization" : ""},
				{"location" : "MSH.6", "dataelement" : "Receiving Facility", "data" : "", "categorization"
: ""},
							{"location" : "MSH.6.1", "dataelement" : "Namespace ID", "data" : "NIST Test
Iz Reg", "categorization" : ""},
							{"location" : "MSH.6.2", "dataelement" : "Universal ID", "data" : "", "categorization"
: ""},
							{"location" : "MSH.6.3", "dataelement" : "Universal ID Type", "data" : "",
"categorization" : ""},
				{"location" : "MSH.7", "dataelement" : "Date/Time Of Message", "data" : "", "categorization"
: ""},
							{"location" : "MSH.7.1", "dataelement" : "Time", "data" : "20120701082240-0500",
"categorization" : "Presence-System Generated"},
				{"location" : "MSH.9", "dataelement" : "Message Type", "data" : "", "categorization"
: ""},
							{"location" : "MSH.9.1", "dataelement" : "Message Code", "data" : "VXU", "categorization"
: "Value-Profile Fixed"},
							{"location" : "MSH.9.2", "dataelement" : "Trigger Event", "data" : "V04", "categorization"
: "Value-Profile Fixed"},
							{"location" : "MSH.9.3", "dataelement" : "Message Structure", "data" : "VXU_V04",
"categorization" : "Value-Profile Fixed"},
				{"location" : "MSH.10", "dataelement" : "Message Control ID", "data" : "NIST-IZ-001.00",
"categorization" : "Presence-Test Case Proper"},
				{"location" : "MSH.11", "dataelement" : "Processing ID", "data" : "", "categorization"
: ""},
							{"location" : "MSH.11.1", "dataelement" : "Processing ID", "data" : "P", "categorization"
: "Presence-Content Indifferent"},
				{"location" : "MSH.12", "dataelement" : "Version ID", "data" : "", "categorization"
: ""},
							{"location" : "MSH.12.1", "dataelement" : "Version ID", "data" : "2.5.1", "categorization"
: "Value-Profile Fixed"},
				{"location" : "MSH.15", "dataelement" : "Accept Acknowledgment Type", "data" :
"ER", "categorization" : "Presence-Content Indifferent"},
				{"location" : "MSH.16", "dataelement" : "Application Acknowledgment Type", "data"
: "AL", "categorization" : "Presence Length-System Generated"},
				{"location" : "MSH.21", "dataelement" : "Message Profile Identifier", "data" :
"", "categorization" : ""},
							{"location" : "MSH.21.1", "dataelement" : "Entity Identifier", "data" : "Z22",
"categorization" : "Value-Profile Fixed"},
							{"location" : "MSH.21.2", "dataelement" : "Namespace ID", "data" : "CDCPHINVS",
"categorization" : "Value-Profile Fixed"},
							{"location" : "MSH.21.3", "dataelement" : "Universal ID", "data" : "", "categorization"
: "Indifferent"},
							{"location" : "MSH.21.4", "dataelement" : "Universal ID Type", "data" : "",
"categorization" : "Indifferent"},
				{"location" : "MSH.22", "dataelement" : "Sending Responsible Organization", "data"
: "", "categorization" : ""},
							{"location" : "MSH.22.1", "dataelement" : "Organization Name", "data" : "",
"categorization" : ""},
							{"location" : "MSH.22.6", "dataelement" : "Assigning Authority", "data" : "",
"categorization" : ""},
									{"location" : "MSH.22.6.1", "dataelement" : "Namespace ID", "data" : "",
"categorization" : ""},
									{"location" : "MSH.22.6.2", "dataelement" : "Universal ID", "data" : "",
"categorization" : ""},
									{"location" : "MSH.22.6.3", "dataelement" : "Universal ID Type", "data" :
"", "categorization" : ""},
							{"location" : "MSH.22.7", "dataelement" : "Identifier Type Code", "data" :
"", "categorization" : ""},
							{"location" : "MSH.22.10", "dataelement" : "Organization Identifier", "data"
: "", "categorization" : ""},
				{"location" : "MSH.23", "dataelement" : "Receiving Responsible Organization",
"data" : "", "categorization" : ""},
							{"location" : "MSH.23.1", "dataelement" : "Organization Name", "data" : "",
"categorization" : ""},
							{"location" : "MSH.23.6", "dataelement" : "Assigning Authority", "data" : "",
"categorization" : ""},
									{"location" : "MSH.23.6.1", "dataelement" : "Namespace ID", "data" : "",
"categorization" : ""},
									{"location" : "MSH.23.6.2", "dataelement" : "Universal ID", "data" : "",
"categorization" : ""},
									{"location" : "MSH.23.6.3", "dataelement" : "Universal ID Type", "data" :
"", "categorization" : ""},
							{"location" : "MSH.23.7", "dataelement" : "Identifier Type Code", "data" :
"", "categorization" : ""},
							{"location" : "MSH.23.10", "dataelement" : "Organization Identifier", "data"
: "", "categorization" : ""},		]
		{
			"title":"PID : Patient Identification",
			"elements" : 
			[
				{"location" : "PID.1", "dataelement" : "Set ID - PID", "data" : "1", "categorization"
: "Value-Profile Fixed"},
				{"location" : "PID.3", "dataelement" : "Patient Identifier List", "data" : "",
"categorization" : ""},
							{"location" : "PID.3.1", "dataelement" : "ID Number", "data" : "D26376273",
"categorization" : "Presence-Content Indifferent"},
							{"location" : "PID.3.4", "dataelement" : "Assigning Authority", "data" : "",
"categorization" : ""},
									{"location" : "PID.3.4.1", "dataelement" : "Namespace ID", "data" : "NIST
MPI", "categorization" : "Presence-Content Indifferent"},
									{"location" : "PID.3.4.2", "dataelement" : "Universal ID", "data" : "", "categorization"
: "Indifferent"},
									{"location" : "PID.3.4.3", "dataelement" : "Universal ID Type", "data" :
"", "categorization" : "Indifferent"},
							{"location" : "PID.3.5", "dataelement" : "Identifier Type Code", "data" : "MR",
"categorization" : "Value-Test Case Fixed"},
				{"location" : "PID.5", "dataelement" : "Patient Name", "data" : "", "categorization"
: ""},
							{"location" : "PID.5.1", "dataelement" : "Family Name", "data" : "", "categorization"
: ""},
									{"location" : "PID.5.1.1", "dataelement" : "Surname", "data" : "Snow", "categorization"
: ""},
							{"location" : "PID.5.2", "dataelement" : "Given Name", "data" : "Madelynn",
"categorization" : ""},
							{"location" : "PID.5.3", "dataelement" : "Second and Further Given Names or
Initials Thereof", "data" : "Ainsley", "categorization" : ""},
							{"location" : "PID.5.7", "dataelement" : "Name Type Code", "data" : "L", "categorization"
: ""},
				{"location" : "PID.6", "dataelement" : "Mother's Maiden Name", "data" : "", "categorization"
: ""},
							{"location" : "PID.6.1", "dataelement" : "Family Name", "data" : "", "categorization"
: ""},
									{"location" : "PID.6.1.1", "dataelement" : "Surname", "data" : "Lam", "categorization"
: ""},
							{"location" : "PID.6.7", "dataelement" : "Name Type Code", "data" : "M", "categorization"
: ""},
				{"location" : "PID.7", "dataelement" : "Date/Time of Birth", "data" : "", "categorization"
: ""},
							{"location" : "PID.7.1", "dataelement" : "Time", "data" : "20070706", "categorization"
: ""},
				{"location" : "PID.8", "dataelement" : "Administrative Sex", "data" : "F", "categorization"
: "Value-Test Case Fixed"},
				{"location" : "PID.10", "dataelement" : "Race", "data" : "", "categorization"
: ""},
							{"location" : "PID.10.1", "dataelement" : "Identifier", "data" : "2076-8",
"categorization" : "Value-Test Case Fixed"},
							{"location" : "PID.10.2", "dataelement" : "Text", "data" : "Native Hawaiian
or Other Pacific Islander", "categorization" : "Presence-Test Case Proper"},
							{"location" : "PID.10.3", "dataelement" : "Name of Coding System", "data" :
"CDCREC", "categorization" : "Value-Profile Fixed"},
				{"location" : "PID.11", "dataelement" : "Patient Address", "data" : "", "categorization"
: ""},
							{"location" : "PID.11.1", "dataelement" : "Street Address", "data" : "", "categorization"
: ""},
									{"location" : "PID.11.1.1", "dataelement" : "Street or Mailing Address",
"data" : "32 Prescott Street Ave", "categorization" : "Presence-Content Indifferent"},
							{"location" : "PID.11.2", "dataelement" : "Other Designation", "data" : "",
"categorization" : ""},
							{"location" : "PID.11.3", "dataelement" : "City", "data" : "Warwick", "categorization"
: "Presence-Content Indifferent"},
							{"location" : "PID.11.4", "dataelement" : "State or Province", "data" : "MA",
"categorization" : "Presence-Content Indifferent"},
							{"location" : "PID.11.5", "dataelement" : "Zip or Postal Code", "data" : "02452",
"categorization" : "Presence-Content Indifferent"},
							{"location" : "PID.11.6", "dataelement" : "Country", "data" : "USA", "categorization"
: "Presence-Content Indifferent"},
							{"location" : "PID.11.7", "dataelement" : "Address Type", "data" : "L", "categorization"
: ""},
				{"location" : "PID.13", "dataelement" : "Phone Number - Home", "data" : "", "categorization"
: ""},
							{"location" : "PID.13.2", "dataelement" : "Telecommunication Use Code", "data"
: "PRN", "categorization" : ""},
							{"location" : "PID.13.3", "dataelement" : "Telecommunication Equipment Type",
"data" : "PH", "categorization" : ""},
							{"location" : "PID.13.4", "dataelement" : "Email Address", "data" : "", "categorization"
: ""},
							{"location" : "PID.13.6", "dataelement" : "Area/City Code", "data" : "657",
"categorization" : ""},
							{"location" : "PID.13.7", "dataelement" : "Local Number", "data" : "5558563",
"categorization" : ""},
				{"location" : "PID.22", "dataelement" : "Ethnic Group", "data" : "", "categorization"
: ""},
							{"location" : "PID.22.1", "dataelement" : "Identifier", "data" : "2186-5",
"categorization" : "Value-Test Case Fixed"},
							{"location" : "PID.22.2", "dataelement" : "Text", "data" : "non Hispanic or
Latino", "categorization" : "Presence-Test Case Proper"},
							{"location" : "PID.22.3", "dataelement" : "Name of Coding System", "data" :
"CDCREC", "categorization" : "Value-Profile Fixed"},
				{"location" : "PID.24", "dataelement" : "Multiple Birth Indicator", "data" : "",
"categorization" : ""},
				{"location" : "PID.25", "dataelement" : "Birth Order", "data" : "", "categorization"
: ""},
				{"location" : "PID.29", "dataelement" : "Patient Death Date and Time", "data"
: "", "categorization" : ""},
							{"location" : "PID.29.1", "dataelement" : "Time", "data" : "", "categorization"
: ""},
				{"location" : "PID.30", "dataelement" : "Patient Death Indicator", "data" : "",
"categorization" : ""},		]
		{
			"title":"PD1 : Patient Additional Demographic",
			"elements" : 
			[
				{"location" : "PD1.11", "dataelement" : "Publicity Code", "data" : "", "categorization"
: ""},
							{"location" : "PD1.11.1", "dataelement" : "Identifier", "data" : "02", "categorization"
: ""},
							{"location" : "PD1.11.2", "dataelement" : "Text", "data" : "Reminder/Recall
- any method", "categorization" : ""},
							{"location" : "PD1.11.3", "dataelement" : "Name of Coding System", "data" :
"HL70215", "categorization" : ""},
				{"location" : "PD1.12", "dataelement" : "Protection Indicator", "data" : "", "categorization"
: ""},
				{"location" : "PD1.13", "dataelement" : "Protection Indicator Effective Date",
"data" : "", "categorization" : ""},
				{"location" : "PD1.16", "dataelement" : "Immunization Registry Status", "data"
: "A", "categorization" : ""},
				{"location" : "PD1.17", "dataelement" : "Immunization Registry Status Effective
Date", "data" : "20120701", "categorization" : ""},
				{"location" : "PD1.18", "dataelement" : "Publicity Code Effective Date", "data"
: "20120701", "categorization" : ""},		]
		{
			"title":"NK1 : Next of Kin / Associated Parties",
			"elements" : 
			[
				{"location" : "NK1.1", "dataelement" : "Set ID - NK1", "data" : "1", "categorization"
: ""},
				{"location" : "NK1.2", "dataelement" : "Name", "data" : "", "categorization" :
""},
							{"location" : "NK1.2.1", "dataelement" : "Family Name", "data" : "", "categorization"
: ""},
									{"location" : "NK1.2.1.1", "dataelement" : "Surname", "data" : "Lam", "categorization"
: ""},
							{"location" : "NK1.2.2", "dataelement" : "Given Name", "data" : "Morgan", "categorization"
: ""},
							{"location" : "NK1.2.3", "dataelement" : "Second and Further Given Names or
Initials Thereof", "data" : "", "categorization" : ""},
							{"location" : "NK1.2.7", "dataelement" : "Name Type Code", "data" : "L", "categorization"
: ""},
				{"location" : "NK1.3", "dataelement" : "Relationship", "data" : "", "categorization"
: ""},
							{"location" : "NK1.3.1", "dataelement" : "Identifier", "data" : "MTH", "categorization"
: ""},
							{"location" : "NK1.3.2", "dataelement" : "Text", "data" : "Mother", "categorization"
: ""},
							{"location" : "NK1.3.3", "dataelement" : "Name of Coding System", "data" :
"HL70063", "categorization" : ""},
				{"location" : "NK1.4", "dataelement" : "Address", "data" : "", "categorization"
: ""},
							{"location" : "NK1.4.1", "dataelement" : "Street Address", "data" : "", "categorization"
: ""},
									{"location" : "NK1.4.1.1", "dataelement" : "Street or Mailing Address", "data"
: "32 Prescott Street Ave", "categorization" : ""},
							{"location" : "NK1.4.2", "dataelement" : "Other Designation", "data" : "",
"categorization" : ""},
							{"location" : "NK1.4.3", "dataelement" : "City", "data" : "Warwick", "categorization"
: ""},
							{"location" : "NK1.4.4", "dataelement" : "State or Province", "data" : "MA",
"categorization" : ""},
							{"location" : "NK1.4.5", "dataelement" : "Zip or Postal Code", "data" : "02452",
"categorization" : ""},
							{"location" : "NK1.4.6", "dataelement" : "Country", "data" : "USA", "categorization"
: ""},
							{"location" : "NK1.4.7", "dataelement" : "Address Type", "data" : "L", "categorization"
: ""},
				{"location" : "NK1.5", "dataelement" : "Phone Number", "data" : "", "categorization"
: ""},
							{"location" : "NK1.5.2", "dataelement" : "Telecommunication Use Code", "data"
: "PRN", "categorization" : ""},
							{"location" : "NK1.5.3", "dataelement" : "Telecommunication Equipment Type",
"data" : "PH", "categorization" : ""},
							{"location" : "NK1.5.4", "dataelement" : "Email Address", "data" : "", "categorization"
: ""},
							{"location" : "NK1.5.6", "dataelement" : "Area/City Code", "data" : "657",
"categorization" : ""},
							{"location" : "NK1.5.7", "dataelement" : "Local Number", "data" : "5558563",
"categorization" : ""},		]
		{
			"title":"ORC : Common Order",
			"elements" : 
			[
				{"location" : "ORC.1", "dataelement" : "Order Control", "data" : "RE", "categorization"
: ""},
				{"location" : "ORC.2", "dataelement" : "Placer Order Number", "data" : "", "categorization"
: ""},
							{"location" : "ORC.2.1", "dataelement" : "Entity Identifier", "data" : "",
"categorization" : ""},
							{"location" : "ORC.2.2", "dataelement" : "Namespace ID", "data" : "", "categorization"
: ""},
							{"location" : "ORC.2.3", "dataelement" : "Universal ID", "data" : "", "categorization"
: ""},
							{"location" : "ORC.2.4", "dataelement" : "Universal ID Type", "data" : "",
"categorization" : ""},
				{"location" : "ORC.3", "dataelement" : "Filler Order Number", "data" : "", "categorization"
: ""},
							{"location" : "ORC.3.1", "dataelement" : "Entity Identifier", "data" : "IZ-783274",
"categorization" : ""},
							{"location" : "ORC.3.2", "dataelement" : "Namespace ID", "data" : "NDA", "categorization"
: ""},
							{"location" : "ORC.3.3", "dataelement" : "Universal ID", "data" : "", "categorization"
: ""},
							{"location" : "ORC.3.4", "dataelement" : "Universal ID Type", "data" : "",
"categorization" : ""},
				{"location" : "ORC.10", "dataelement" : "Entered By", "data" : "", "categorization"
: ""},
							{"location" : "ORC.10.1", "dataelement" : "ID Number", "data" : "I-23432",
"categorization" : ""},
							{"location" : "ORC.10.2", "dataelement" : "Family Name", "data" : "", "categorization"
: ""},
									{"location" : "ORC.10.2.1", "dataelement" : "Surname", "data" : "Burden",
"categorization" : ""},
							{"location" : "ORC.10.3", "dataelement" : "Given Name", "data" : "Donna", "categorization"
: ""},
							{"location" : "ORC.10.4", "dataelement" : "Second and Further Given Names or
Initials Thereof", "data" : "A", "categorization" : ""},
							{"location" : "ORC.10.9", "dataelement" : "Assigning Authority", "data" : "",
"categorization" : ""},
									{"location" : "ORC.10.9.1", "dataelement" : "Namespace ID", "data" : "NIST-AA-1",
"categorization" : ""},
									{"location" : "ORC.10.9.2", "dataelement" : "Universal ID", "data" : "",
"categorization" : ""},
									{"location" : "ORC.10.9.3", "dataelement" : "Universal ID Type", "data" :
"", "categorization" : ""},
							{"location" : "ORC.10.10", "dataelement" : "Name Type Code", "data" : "", "categorization"
: ""},
							{"location" : "ORC.10.13", "dataelement" : "Identifier Type Code", "data" :
"PRN", "categorization" : ""},
				{"location" : "ORC.12", "dataelement" : "Ordering Provider", "data" : "", "categorization"
: ""},
							{"location" : "ORC.12.1", "dataelement" : "ID Number", "data" : "57422", "categorization"
: ""},
							{"location" : "ORC.12.2", "dataelement" : "Family Name", "data" : "", "categorization"
: ""},
									{"location" : "ORC.12.2.1", "dataelement" : "Surname", "data" : "RADON",
"categorization" : ""},
							{"location" : "ORC.12.3", "dataelement" : "Given Name", "data" : "NICHOLAS",
"categorization" : ""},
							{"location" : "ORC.12.4", "dataelement" : "Second and Further Given Names or
Initials Thereof", "data" : "", "categorization" : ""},
							{"location" : "ORC.12.9", "dataelement" : "Assigning Authority", "data" : "",
"categorization" : ""},
									{"location" : "ORC.12.9.1", "dataelement" : "Namespace ID", "data" : "NIST-AA-1",
"categorization" : ""},
									{"location" : "ORC.12.9.2", "dataelement" : "Universal ID", "data" : "",
"categorization" : ""},
									{"location" : "ORC.12.9.3", "dataelement" : "Universal ID Type", "data" :
"", "categorization" : ""},
							{"location" : "ORC.12.10", "dataelement" : "Name Type Code", "data" : "L",
"categorization" : ""},
							{"location" : "ORC.12.13", "dataelement" : "Identifier Type Code", "data" :
"MD", "categorization" : ""},
				{"location" : "ORC.17", "dataelement" : "Entering Organization", "data" : "",
"categorization" : ""},
							{"location" : "ORC.17.1", "dataelement" : "Identifier", "data" : "", "categorization"
: ""},
							{"location" : "ORC.17.2", "dataelement" : "Text", "data" : "", "categorization"
: ""},
							{"location" : "ORC.17.3", "dataelement" : "Name of Coding System", "data" :
"", "categorization" : ""},		]
		{
			"title":"RXA : Pharmacy/Treatment Administration",
			"elements" : 
			[
				{"location" : "RXA.1", "dataelement" : "Give Sub-ID Counter", "data" : "0", "categorization"
: ""},
				{"location" : "RXA.2", "dataelement" : "Administration Sub-ID Counter", "data"
: "1", "categorization" : ""},
				{"location" : "RXA.3", "dataelement" : "Date/Time Start of Administration", "data"
: "", "categorization" : ""},
							{"location" : "RXA.3.1", "dataelement" : "Time", "data" : "20120814", "categorization"
: ""},
				{"location" : "RXA.5", "dataelement" : "Administered Code", "data" : "", "categorization"
: ""},
							{"location" : "RXA.5.1", "dataelement" : "Identifier", "data" : "33332-0010-01",
"categorization" : ""},
							{"location" : "RXA.5.2", "dataelement" : "Text", "data" : "Influenza, seasonal,
injectable, preservative free", "categorization" : ""},
							{"location" : "RXA.5.3", "dataelement" : "Name of Coding System", "data" :
"NDC", "categorization" : ""},
				{"location" : "RXA.6", "dataelement" : "Administered Amount", "data" : "0.5",
"categorization" : ""},
				{"location" : "RXA.7", "dataelement" : "Administered Units", "data" : "", "categorization"
: ""},
							{"location" : "RXA.7.1", "dataelement" : "Identifier", "data" : "mL", "categorization"
: ""},
							{"location" : "RXA.7.2", "dataelement" : "Text", "data" : "MilliLiter [SI Volume
Units]", "categorization" : ""},
							{"location" : "RXA.7.3", "dataelement" : "Name of Coding System", "data" :
"UCUM", "categorization" : ""},
				{"location" : "RXA.9", "dataelement" : "Administration Notes", "data" : "", "categorization"
: ""},
							{"location" : "RXA.9.1", "dataelement" : "Identifier", "data" : "00", "categorization"
: ""},
							{"location" : "RXA.9.2", "dataelement" : "Text", "data" : "New immunization
record", "categorization" : ""},
							{"location" : "RXA.9.3", "dataelement" : "Name of Coding System", "data" :
"NIP001", "categorization" : ""},
				{"location" : "RXA.10", "dataelement" : "Administering Provider", "data" : "",
"categorization" : ""},
							{"location" : "RXA.10.1", "dataelement" : "ID Number", "data" : "7832-1", "categorization"
: ""},
							{"location" : "RXA.10.2", "dataelement" : "Family Name", "data" : "", "categorization"
: ""},
									{"location" : "RXA.10.2.1", "dataelement" : "Surname", "data" : "Lemon",
"categorization" : ""},
							{"location" : "RXA.10.3", "dataelement" : "Given Name", "data" : "Mike", "categorization"
: ""},
							{"location" : "RXA.10.4", "dataelement" : "Second and Further Given Names or
Initials Thereof", "data" : "A", "categorization" : ""},
							{"location" : "RXA.10.9", "dataelement" : "Assigning Authority", "data" : "",
"categorization" : ""},
									{"location" : "RXA.10.9.1", "dataelement" : "Namespace ID", "data" : "NIST-AA-1",
"categorization" : ""},
									{"location" : "RXA.10.9.2", "dataelement" : "Universal ID", "data" : "",
"categorization" : ""},
									{"location" : "RXA.10.9.3", "dataelement" : "Universal ID Type", "data" :
"", "categorization" : ""},
							{"location" : "RXA.10.10", "dataelement" : "Name Type Code", "data" : "", "categorization"
: ""},
							{"location" : "RXA.10.13", "dataelement" : "Identifier Type Code", "data" :
"PRN", "categorization" : ""},
				{"location" : "RXA.11", "dataelement" : "Administered-at Location", "data" : "",
"categorization" : ""},
							{"location" : "RXA.11.4", "dataelement" : "Facility", "data" : "", "categorization"
: ""},
									{"location" : "RXA.11.4.1", "dataelement" : "Namespace ID", "data" : "X68",
"categorization" : ""},
									{"location" : "RXA.11.4.2", "dataelement" : "Universal ID", "data" : "",
"categorization" : ""},
									{"location" : "RXA.11.4.3", "dataelement" : "Universal ID Type", "data" :
"", "categorization" : ""},
				{"location" : "RXA.15", "dataelement" : "Substance Lot Number", "data" : "Z0860BB",
"categorization" : ""},
				{"location" : "RXA.16", "dataelement" : "Substance Expiration Date", "data" :
"", "categorization" : ""},
							{"location" : "RXA.16.1", "dataelement" : "Time", "data" : "20121104", "categorization"
: ""},
				{"location" : "RXA.17", "dataelement" : "Substance Manufacturer Name", "data"
: "", "categorization" : ""},
							{"location" : "RXA.17.1", "dataelement" : "Identifier", "data" : "CSL", "categorization"
: ""},
							{"location" : "RXA.17.2", "dataelement" : "Text", "data" : "CSL Behring", "categorization"
: ""},
							{"location" : "RXA.17.3", "dataelement" : "Name of Coding System", "data" :
"MVX", "categorization" : ""},
				{"location" : "RXA.18", "dataelement" : "Substance/Treatment Refusal Reason",
"data" : "", "categorization" : ""},
							{"location" : "RXA.18.1", "dataelement" : "Identifier", "data" : "", "categorization"
: ""},
							{"location" : "RXA.18.2", "dataelement" : "Text", "data" : "", "categorization"
: ""},
							{"location" : "RXA.18.3", "dataelement" : "Name of Coding System", "data" :
"", "categorization" : ""},
				{"location" : "RXA.20", "dataelement" : "Completion Status", "data" : "CP", "categorization"
: ""},
				{"location" : "RXA.21", "dataelement" : "Action Code - RXA", "data" : "A", "categorization"
: ""},		]
		{
			"title":"RXR : Pharmacy/Treatment Route",
			"elements" : 
			[
				{"location" : "RXR.1", "dataelement" : "Route", "data" : "", "categorization"
: ""},
							{"location" : "RXR.1.1", "dataelement" : "Identifier", "data" : "C28161", "categorization"
: ""},
							{"location" : "RXR.1.2", "dataelement" : "Text", "data" : "Intramuscular",
"categorization" : ""},
							{"location" : "RXR.1.3", "dataelement" : "Name of Coding System", "data" :
"NCIT", "categorization" : ""},
				{"location" : "RXR.2", "dataelement" : "Administration Site", "data" : "", "categorization"
: ""},
							{"location" : "RXR.2.1", "dataelement" : "Identifier", "data" : "LD", "categorization"
: ""},
							{"location" : "RXR.2.2", "dataelement" : "Text", "data" : "Left Arm", "categorization"
: ""},
							{"location" : "RXR.2.3", "dataelement" : "Name of Coding System", "data" :
"HL70163", "categorization" : ""},		]
		{
			"title":"OBX[*]",

<accordion>		{
			"title":"OBX : Observation/Result",
			"elements" : 
			[
				{"location" : "OBX.1", "dataelement" : "Set ID - OBX", "data" : "1", "categorization"
: "Value-Profile Fixed"},
				{"location" : "OBX.2", "dataelement" : "Value Type", "data" : "CE", "categorization"
: "Value-Test Case Fixed"},
				{"location" : "OBX.3", "dataelement" : "Observation Identifier", "data" : "",
"categorization" : ""},
							{"location" : "OBX.3.1", "dataelement" : "Identifier", "data" : "64994-7",
"categorization" : "Value-Test Case Fixed"},
							{"location" : "OBX.3.2", "dataelement" : "Text", "data" : "Vaccine funding
program eligibility category", "categorization" : "Presence-Test Case Proper"},
							{"location" : "OBX.3.3", "dataelement" : "Name of Coding System", "data" :
"LN", "categorization" : "Value-Profile Fixed"},
				{"location" : "OBX.4", "dataelement" : "Observation Sub-ID", "data" : "1", "categorization"
: ""},
				{"location" : "OBX.5", "dataelement" : "Observation Value", "data" : "", "categorization"
: ""},
				{"location" : "OBX.6", "dataelement" : "Units", "data" : "", "categorization"
: ""},
							{"location" : "OBX.6.1", "dataelement" : "Identifier", "data" : "", "categorization"
: "NonPresence"},
							{"location" : "OBX.6.2", "dataelement" : "Text", "data" : "", "categorization"
: "NonPresence"},
							{"location" : "OBX.6.3", "dataelement" : "Name of Coding System", "data" :
"", "categorization" : "NonPresence"},
				{"location" : "OBX.11", "dataelement" : "Observation Result Status", "data" :
"F", "categorization" : "Value-Test Case Fixed"},
				{"location" : "OBX.14", "dataelement" : "Date/Time of the Observation", "data"
: "", "categorization" : ""},
							{"location" : "OBX.14.1", "dataelement" : "Time", "data" : "20120701", "categorization"
: ""},
				{"location" : "OBX.17", "dataelement" : "Observation Method", "data" : "", "categorization"
: ""},
							{"location" : "OBX.17.1", "dataelement" : "Identifier", "data" : "VXC40", "categorization"
: ""},
							{"location" : "OBX.17.2", "dataelement" : "Text", "data" : "Eligibility captured
at the immunization level", "categorization" : ""},
							{"location" : "OBX.17.3", "dataelement" : "Name of Coding System", "data" :
"CDCPHINVS", "categorization" : ""},		]
		{
			"title":"OBX : Observation/Result",
			"elements" : 
			[
				{"location" : "OBX.1", "dataelement" : "Set ID - OBX", "data" : "2", "categorization"
: "Value-Profile Fixed"},
				{"location" : "OBX.2", "dataelement" : "Value Type", "data" : "CE", "categorization"
: "Value-Test Case Fixed"},
				{"location" : "OBX.3", "dataelement" : "Observation Identifier", "data" : "",
"categorization" : ""},
							{"location" : "OBX.3.1", "dataelement" : "Identifier", "data" : "30956-7",
"categorization" : "Value-Test Case Fixed"},
							{"location" : "OBX.3.2", "dataelement" : "Text", "data" : "vaccine type", "categorization"
: "Presence-Test Case Proper"},
							{"location" : "OBX.3.3", "dataelement" : "Name of Coding System", "data" :
"LN", "categorization" : "Value-Profile Fixed"},
				{"location" : "OBX.4", "dataelement" : "Observation Sub-ID", "data" : "2", "categorization"
: ""},
				{"location" : "OBX.5", "dataelement" : "Observation Value", "data" : "", "categorization"
: ""},
				{"location" : "OBX.6", "dataelement" : "Units", "data" : "", "categorization"
: ""},
							{"location" : "OBX.6.1", "dataelement" : "Identifier", "data" : "", "categorization"
: "NonPresence"},
							{"location" : "OBX.6.2", "dataelement" : "Text", "data" : "", "categorization"
: "NonPresence"},
							{"location" : "OBX.6.3", "dataelement" : "Name of Coding System", "data" :
"", "categorization" : "NonPresence"},
				{"location" : "OBX.11", "dataelement" : "Observation Result Status", "data" :
"F", "categorization" : "Value-Test Case Fixed"},
				{"location" : "OBX.14", "dataelement" : "Date/Time of the Observation", "data"
: "", "categorization" : ""},
							{"location" : "OBX.14.1", "dataelement" : "Time", "data" : "", "categorization"
: ""},
				{"location" : "OBX.17", "dataelement" : "Observation Method", "data" : "", "categorization"
: ""},
							{"location" : "OBX.17.1", "dataelement" : "Identifier", "data" : "", "categorization"
: ""},
							{"location" : "OBX.17.2", "dataelement" : "Text", "data" : "", "categorization"
: ""},
							{"location" : "OBX.17.3", "dataelement" : "Name of Coding System", "data" :
"", "categorization" : ""},		]
		{
			"title":"OBX : Observation/Result",
			"elements" : 
			[
				{"location" : "OBX.1", "dataelement" : "Set ID - OBX", "data" : "3", "categorization"
: "Value-Profile Fixed"},
				{"location" : "OBX.2", "dataelement" : "Value Type", "data" : "TS", "categorization"
: "Value-Test Case Fixed"},
				{"location" : "OBX.3", "dataelement" : "Observation Identifier", "data" : "",
"categorization" : ""},
							{"location" : "OBX.3.1", "dataelement" : "Identifier", "data" : "29768-9",
"categorization" : "Value-Test Case Fixed"},
							{"location" : "OBX.3.2", "dataelement" : "Text", "data" : "Date vaccine information
statement published", "categorization" : "Presence-Test Case Proper"},
							{"location" : "OBX.3.3", "dataelement" : "Name of Coding System", "data" :
"LN", "categorization" : "Value-Profile Fixed"},
				{"location" : "OBX.4", "dataelement" : "Observation Sub-ID", "data" : "2", "categorization"
: ""},
				{"location" : "OBX.5", "dataelement" : "Observation Value", "data" : "", "categorization"
: ""},
							{"location" : "OBX.5.1", "dataelement" : "Time", "data" : "20120702", "categorization"
: ""},
				{"location" : "OBX.6", "dataelement" : "Units", "data" : "", "categorization"
: ""},
							{"location" : "OBX.6.1", "dataelement" : "Identifier", "data" : "", "categorization"
: "NonPresence"},
							{"location" : "OBX.6.2", "dataelement" : "Text", "data" : "", "categorization"
: "NonPresence"},
							{"location" : "OBX.6.3", "dataelement" : "Name of Coding System", "data" :
"", "categorization" : "NonPresence"},
				{"location" : "OBX.11", "dataelement" : "Observation Result Status", "data" :
"F", "categorization" : "Value-Test Case Fixed"},
				{"location" : "OBX.14", "dataelement" : "Date/Time of the Observation", "data"
: "", "categorization" : ""},
							{"location" : "OBX.14.1", "dataelement" : "Time", "data" : "", "categorization"
: ""},
				{"location" : "OBX.17", "dataelement" : "Observation Method", "data" : "", "categorization"
: ""},
							{"location" : "OBX.17.1", "dataelement" : "Identifier", "data" : "", "categorization"
: ""},
							{"location" : "OBX.17.2", "dataelement" : "Text", "data" : "", "categorization"
: ""},
							{"location" : "OBX.17.3", "dataelement" : "Name of Coding System", "data" :
"", "categorization" : ""},		]
		{
			"title":"OBX : Observation/Result",
			"elements" : 
			[
				{"location" : "OBX.1", "dataelement" : "Set ID - OBX", "data" : "4", "categorization"
: "Value-Profile Fixed"},
				{"location" : "OBX.2", "dataelement" : "Value Type", "data" : "TS", "categorization"
: "Value-Test Case Fixed"},
				{"location" : "OBX.3", "dataelement" : "Observation Identifier", "data" : "",
"categorization" : ""},
							{"location" : "OBX.3.1", "dataelement" : "Identifier", "data" : "29769-7",
"categorization" : "Value-Test Case Fixed"},
							{"location" : "OBX.3.2", "dataelement" : "Text", "data" : "Date vaccine information
statement presented", "categorization" : "Presence-Test Case Proper"},
							{"location" : "OBX.3.3", "dataelement" : "Name of Coding System", "data" :
"LN", "categorization" : "Value-Profile Fixed"},
				{"location" : "OBX.4", "dataelement" : "Observation Sub-ID", "data" : "2", "categorization"
: ""},
				{"location" : "OBX.5", "dataelement" : "Observation Value", "data" : "", "categorization"
: ""},
							{"location" : "OBX.5.1", "dataelement" : "Time", "data" : "20120814", "categorization"
: ""},
				{"location" : "OBX.6", "dataelement" : "Units", "data" : "", "categorization"
: ""},
							{"location" : "OBX.6.1", "dataelement" : "Identifier", "data" : "", "categorization"
: "NonPresence"},
							{"location" : "OBX.6.2", "dataelement" : "Text", "data" : "", "categorization"
: "NonPresence"},
							{"location" : "OBX.6.3", "dataelement" : "Name of Coding System", "data" :
"", "categorization" : "NonPresence"},
				{"location" : "OBX.11", "dataelement" : "Observation Result Status", "data" :
"F", "categorization" : "Value-Test Case Fixed"},
				{"location" : "OBX.14", "dataelement" : "Date/Time of the Observation", "data"
: "", "categorization" : ""},
							{"location" : "OBX.14.1", "dataelement" : "Time", "data" : "", "categorization"
: ""},
				{"location" : "OBX.17", "dataelement" : "Observation Method", "data" : "", "categorization"
: ""},
							{"location" : "OBX.17.1", "dataelement" : "Identifier", "data" : "", "categorization"
: ""},
							{"location" : "OBX.17.2", "dataelement" : "Text", "data" : "", "categorization"
: ""},
							{"location" : "OBX.17.3", "dataelement" : "Name of Coding System", "data" :
"", "categorization" : ""},		]

</accordion>
		}
]
}