{
"version" : "2.9.11",
"profile" : "VXU_V04",
"tables":
[
		{
			"title":"Patient Information",
			"elements" : 
			[
				{"element" : "Patient Name", "data" : "Madelynn Ainsley Snow"},
				{"element" : "Mother's Maiden Name", "data" : "Morgan Lam"},
				{"element" : "ID Number", "data" : "D26376273 "},
				{"element" : "Date/Time of Birth", "data" : "07/06/2007"},
				{"element" : "Administrative Sex", "data" : "Female"},
				{"element" : "Patient Address ", "data" : "32 Prescott Street Ave Warwick MA 02452
USA "},
				{"element" : "Local Number", "data" : "(657)555-8563"},
				{"element" : "Race", "data" : "Native Hawaiian or Other Pacific Islander"},
				{"element" : "Ethnic Group", "data" : "non Hispanic or Latino"},
				{"element" : "Multiple Birth Indicator", "data" : "No"},
				{"element" : "Birth Order", "data" : ""}
			]
		},
		{
			"title":"Immunization Registry Information",
			"elements" : 
			[
				{"element" : "Immunization Registry Status", "data" : "Active"},
				{"element" : "Immunization Registry Status Effective Date", "data" : "07/01/2012"},
				{"element" : "Publicity Code", "data" : "Reminder/Recall - any method"},
				{"element" : "Publicity Code Effective Date", "data" : "07/01/2012"},
				{"element" : "Protection Indicator", "data" : ""},
				{"element" : "Protection Indicator Effective Date", "data" : ""}
			]
		},
		{
			"title":"Guardian or Responsible Party",
			"elements" : 
			[
				{"element" : "Name", "data" : "Morgan Lam"},
				{"element" : "Relationship", "data" : "Mother"},
				{"element" : "Address", "data" : "32 Prescott Street Ave Warwick MA 02452 USA
"},
				{"element" : "Phone Number", "data" : "(657)555-8563"},		]
		},
		{
			"title":"Vaccine Administration Information",
			"elements" : 
			[
				{"element" : "Administered Vaccine", "data" : "Influenza, seasonal, injectable,
preservative free"},
				{"element" : "Date/Time Start of Administration", "data" : "08/14/2012"},
				{"element" : "Administered Amount", "data" : "0.5"},
				{"element" : "Administered Units", "data" : "MilliLiter [SI Volume Units]"},
				{"element" : "Administration Notes", "data" : "New immunization record"},
				{"element" : "Administering Provider", "data" : "Mike Lemon"},
				{"element" : "Substance Lot Number", "data" : "Z0860BB"},
				{"element" : "Substance Expiration Date", "data" : "11/04/2012"},
				{"element" : "Substance Manufacturer Name", "data" : "CSL Behring"},
				{"element" : "Substance/Treatment Refusal Reason", "data" : ""},
				{"element" : "Completion Status", "data" : "Complete"},
				{"element" : "Action Code", "data" : "Add"},
				{"element" : "Route", "data" : "Intramuscular"},
				{"element" : "Administration Site", "data" : "Left Arm"},
				{"element" : "Entering Organization", "data" : ""},
				{"element" : "Entered By", "data" : "Donna Burden"},
				{"element" : "Ordered By", "data" : "NICHOLAS RADON"},
					{"element" : "obx", "data" : 
					{
						"title":"Observations",
						"elements" : 
						[
							{"element" : "Vaccine funding program eligibility category", "data" : "VFC
eligible - Federally Qualified Health Center Patient (under-insured)"},
							{"element" : "", "data" : ""},
							{"element" : "vaccine type", "data" : "Influenza, unspecified formulation"},
							{"element" : "Date vaccine information statement published", "data" : "07/02/2012"},
							{"element" : "Date vaccine information statement presented", "data" : "08/14/2012"},
	
	]					}
					}
		]
					}
					}
		]

		}
]
}