{
  "teststorydesc" : "An eleven and a half year old female, Katherine Mackenzie Benton, is brought to a clinic for a third and final dose of HPV vaccine. She is accompanied by her mother Kari Michelle Benton (nee Jones). A clinic staff member collects basic patient demographic information including name, date of birth and sex. The mother is given the appropriate Vaccine Information Sheet (VIS) to review. After reading it, the mother agrees that the child should receive the HPV vaccine, but she chooses not to share the data once it is incorporated into the local IIS. She also declines any reminder or recall notifications. A clinic provider, Wilma Thomas (physician ID 654) places an order for the vaccination. While the patient is covered by insurance, the plan does not cover this vaccination and she qualifies for Vaccine For Children (VFC) supplied vaccines under the status of VFC eligible - Underinsured. An appropriate dose of HPV (Gardasil-9) is selected from the clinic's stock of publically funded vaccines. A clinician, Lily Jackson (ID 7824) prepares and administers the dose to the patient and then enters the data into the EHR and transmits it to the IIS.",
  "comments" : "No Comments",
  "preCondition" : "No PreCondition",
  "postCondition" : "No PostCondition\r\n",
  "testObjectives" : "Support for no consent given<br>Support for a full middle name<br>Support for a long first and middle name<br>",
  "evaluationCriteria" : "Message Validation Report<br>",
  "notes" : "<p class=\"MsoNormal\" style=\"margin-bottom: 0.0001pt;\">For new administration messages, the vaccine is communicated using\r\nNDC codes in RXA-5 (Administered Code). For a given vaccine, one or more NDC\r\ncodes may be appropriate to message. For this reason, RXA-5.1 is categorized as\r\n\"Value - Test Case Fixed List\" and allows for multiple valid values. The\r\nMessage Content and Example Message data contain a single representative valid\r\nNDC code for example purposes.<o:p></o:p></p><p class=\"MsoNormal\" style=\"margin-bottom: 0.0001pt;\">ONC has determined that, from a regulatory/program perspective, an HIT Module cannot be required to be able to generate messages with the Vaccine Funding Source OBX segment for 2015 Edition certification testing.  For certification purposes, ONC permits Testers to ignore the error notification generated by the NIST Immunization Test Suite when this segment is missing.  Since the product under test will have to meet state reporting requirements when implemented, and many states require this information, it may be beneficial for HIT Modules to demonstrate support for the Vaccine Funding Source OBX segment during 2015 Edition certification testing. </p>"
}