{
"version" : "2.9.8",
"profile" : "VXU_V04",
"tables":
[
		{
			"title":"Patient Information",
			"elements" : 
			[
				{"element" : "Patient Name", "data" : "Russell Clint Richardson"},
				{"element" : "Mother's Maiden Name", "data" : "Billington"},
				{"element" : "ID Number", "data" : "3123 "},
				{"element" : "Date/Time of Birth", "data" : "04/15/2015"},
				{"element" : "Administrative Sex", "data" : "Male"},
				{"element" : "Patient Address ", "data" : "543 Blount Drive Bozeman MT 59715 USA
"},
				{"element" : "Local Number", "data" : "(406)555-7690"},
				{"element" : "Race", "data" : "American Indian or Alaska Native"},
				{"element" : "Ethnic Group", "data" : "Not Hispanic or Latino"},
				{"element" : "Multiple Birth Indicator", "data" : "No"},
				{"element" : "Birth Order", "data" : "1"}
			]
		},
		{
			"title":"Immunization Registry Information",
			"elements" : 
			[
				{"element" : "Immunization Registry Status", "data" : "Active"},
				{"element" : "Immunization Registry Status Effective Date", "data" : "04/15/2015"},
				{"element" : "Publicity Code", "data" : "Reminder/recall - any method"},
				{"element" : "Publicity Code Effective Date", "data" : "06/24/2015"},
				{"element" : "Protection Indicator", "data" : "No"},
				{"element" : "Protection Indicator Effective Date", "data" : "06/24/2015"}
			]
		{
			"title":"Guardian or Responsible Party[*]",

<accordion>		},
		{
			"title":"Guardian or Responsible Party",
			"elements" : 
			[
				{"element" : "Name", "data" : "Maria Elizabeth Richardson"},
				{"element" : "Relationship", "data" : "Mother"},
				{"element" : "Address", "data" : "543 Blount Drive Bozeman MT 59715 USA "},
				{"element" : "Phone Number", "data" : "(406)555-7690"},		]
		},
		{
			"title":"Guardian or Responsible Party",
			"elements" : 
			[
				{"element" : "Name", "data" : "John William Richardson"},
				{"element" : "Relationship", "data" : "Father"},
				{"element" : "Address", "data" : "543 Blount Drive Bozeman MT 59715 USA "},
				{"element" : "Phone Number", "data" : "(406)555-8299"},		]

</accordion>		{
			"title":"Vaccine Administration Information[*]",

<accordion>		},
		{
			"title":"Vaccine Administration Information",
			"elements" : 
			[
				{"element" : "Administered Vaccine", "data" : "Pentacel"},
				{"element" : "Date/Time Start of Administration", "data" : "06/24/2015"},
				{"element" : "Administered Amount", "data" : "0.5"},
				{"element" : "Administered Units", "data" : "mL"},
				{"element" : "Administration Notes", "data" : "New Record"},
				{"element" : "Administering Provider", "data" : "Lily Jackson"},
				{"element" : "Substance Lot Number", "data" : "526434"},
				{"element" : "Substance Expiration Date", "data" : "07/22/2015"},
				{"element" : "Substance Manufacturer Name", "data" : "GlaxoSmithKline"},
				{"element" : "Substance/Treatment Refusal Reason", "data" : ""},
				{"element" : "Completion Status", "data" : "Complete"},
				{"element" : "Action Code", "data" : "Add"},
				{"element" : "Route", "data" : "Intramuscular"},
				{"element" : "Administration Site", "data" : "Right Thigh"},
				{"element" : "Entering Organization", "data" : "NISTEHRFacility"},
				{"element" : "Entered By", "data" : "Lily Jackson"},
				{"element" : "Ordered By", "data" : "Wilma Thomas"},
					{"element" : "obx", "data" : 
					{
						"title":"Observations",
						"elements" : 
						[
							{"element" : "Vaccine Funding Source", "data" : "Public"},
							{"element" : "", "data" : ""},
							{"element" : "Vaccine Funding Program Eligibility", "data" : "VFC Eligible
- American Indian/Alaska Native"},
							{"element" : "", "data" : ""},
							{"element" : "Document Type", "data" : "Polio VIS"},
							{"element" : "Date Vis Presented", "data" : "06/24/2015"},
							{"element" : "", "data" : ""},
							{"element" : "Document Type", "data" : "Hepatitis B VIS"},
							{"element" : "Date Vis Presented", "data" : "06/24/2015"},
							{"element" : "", "data" : ""},
							{"element" : "Document Type", "data" : "Diphtheria/Tetanus/Pertussis (DTaP)
VIS"},
							{"element" : "Date Vis Presented", "data" : "06/24/2015"},
	
	]					}
					}
		]
					}
					}
		]
		},
		{
			"title":"Vaccine Administration Information",
			"elements" : 
			[
				{"element" : "Administered Vaccine", "data" : "RotaTeq"},
				{"element" : "Date/Time Start of Administration", "data" : "06/24/2015"},
				{"element" : "Administered Amount", "data" : "2.0"},
				{"element" : "Administered Units", "data" : "mL"},
				{"element" : "Administration Notes", "data" : "New Record"},
				{"element" : "Administering Provider", "data" : "Lily Jackson"},
				{"element" : "Substance Lot Number", "data" : "297961"},
				{"element" : "Substance Expiration Date", "data" : "09/16/2015"},
				{"element" : "Substance Manufacturer Name", "data" : "Merck and Co., Inc."},
				{"element" : "Substance/Treatment Refusal Reason", "data" : ""},
				{"element" : "Completion Status", "data" : "Complete"},
				{"element" : "Action Code", "data" : "Add"},
				{"element" : "Route", "data" : "Oral"},
				{"element" : "Administration Site", "data" : ""},
				{"element" : "Entering Organization", "data" : "NISTEHRFacility"},
				{"element" : "Entered By", "data" : "Lily Jackson"},
				{"element" : "Ordered By", "data" : "Wilma Thomas"},
					{"element" : "obx", "data" : 
					{
						"title":"Observations",
						"elements" : 
						[
							{"element" : "Vaccine Funding Source", "data" : "Public"},
							{"element" : "", "data" : ""},
							{"element" : "Vaccine Funding Program Eligibility", "data" : "VFC Eligible
- American Indian/Alaska Native"},
							{"element" : "", "data" : ""},
							{"element" : "Document Type", "data" : "Rotavirus VIS"},
							{"element" : "Date Vis Presented", "data" : "06/24/2015"},
	
	]					}
					}
		]
					}
					}
		]
		},
		{
			"title":"Vaccine Administration Information",
			"elements" : 
			[
				{"element" : "Administered Vaccine", "data" : "Prevnar 13"},
				{"element" : "Date/Time Start of Administration", "data" : "06/24/2015"},
				{"element" : "Administered Amount", "data" : "0.5"},
				{"element" : "Administered Units", "data" : "mL"},
				{"element" : "Administration Notes", "data" : "New Record"},
				{"element" : "Administering Provider", "data" : "Lily Jackson"},
				{"element" : "Substance Lot Number", "data" : "353480"},
				{"element" : "Substance Expiration Date", "data" : "07/29/2015"},
				{"element" : "Substance Manufacturer Name", "data" : "Pfizer, Inc"},
				{"element" : "Substance/Treatment Refusal Reason", "data" : ""},
				{"element" : "Completion Status", "data" : "Complete"},
				{"element" : "Action Code", "data" : "Add"},
				{"element" : "Route", "data" : "Intramuscular"},
				{"element" : "Administration Site", "data" : "Left Thigh"},
				{"element" : "Entering Organization", "data" : "NISTEHRFacility"},
				{"element" : "Entered By", "data" : "Lily Jackson"},
				{"element" : "Ordered By", "data" : "Wilma Thomas"},
					{"element" : "obx", "data" : 
					{
						"title":"Observations",
						"elements" : 
						[
							{"element" : "Vaccine Funding Source", "data" : "Public"},
							{"element" : "", "data" : ""},
							{"element" : "Vaccine Funding Program Eligibility", "data" : "VFC Eligible
- American Indian/Alaska Native"},
							{"element" : "", "data" : ""},
							{"element" : "Document Type", "data" : "Pneumococcal Conjugate (PCV13) VIS"},
							{"element" : "Date Vis Presented", "data" : "06/24/2015"},
	
	]					}
					}
		]
					}
					}
		]
		},
		{
			"title":"Vaccine Administration Information",
			"elements" : 
			[
				{"element" : "Administered Vaccine", "data" : "Hep B, unspecified formulation"},
				{"element" : "Date/Time Start of Administration", "data" : "04/16/2015"},
				{"element" : "Administered Amount", "data" : "999"},
				{"element" : "Administered Units", "data" : ""},
				{"element" : "Administration Notes", "data" : "Historical Administration"},
				{"element" : "Administering Provider", "data" : ""},
				{"element" : "Substance Lot Number", "data" : ""},
				{"element" : "Substance Expiration Date", "data" : ""},
				{"element" : "Substance Manufacturer Name", "data" : ""},
				{"element" : "Substance/Treatment Refusal Reason", "data" : ""},
				{"element" : "Completion Status", "data" : "Complete"},
				{"element" : "Action Code", "data" : "Add"},
				{"element" : "Route", "data" : ""},
				{"element" : "Administration Site", "data" : ""},
				{"element" : "Entering Organization", "data" : "NISTEHRFacility"},
				{"element" : "Entered By", "data" : "Lily Jackson"},
				{"element" : "Ordered By", "data" : ""},		]
		},
		{
			"title":"Vaccine Administration Information",
			"elements" : 
			[
				{"element" : "Administered Vaccine", "data" : "Hep B, unspecified formulation"},
				{"element" : "Date/Time Start of Administration", "data" : "05/15/2015"},
				{"element" : "Administered Amount", "data" : "999"},
				{"element" : "Administered Units", "data" : ""},
				{"element" : "Administration Notes", "data" : "Historical Administration"},
				{"element" : "Administering Provider", "data" : ""},
				{"element" : "Substance Lot Number", "data" : ""},
				{"element" : "Substance Expiration Date", "data" : ""},
				{"element" : "Substance Manufacturer Name", "data" : ""},
				{"element" : "Substance/Treatment Refusal Reason", "data" : ""},
				{"element" : "Completion Status", "data" : "Complete"},
				{"element" : "Action Code", "data" : "Add"},
				{"element" : "Route", "data" : ""},
				{"element" : "Administration Site", "data" : ""},
				{"element" : "Entering Organization", "data" : "NISTEHRFacility"},
				{"element" : "Entered By", "data" : "Lily Jackson"},
				{"element" : "Ordered By", "data" : ""},		]

</accordion>
		}
]
}