{"jurorDocument":{"patientInformation":{"patientName":"Cameron A Fairchild","patientIdentifier":171122,"gender":"Male","DOB":"02/14/2009","testerComment":""},"evaluatedImmunizationHistory":[{"vaccineAdministered":"Hep B Unspec","dateAdministered":"04/15/2009","validityReason":"","validDose":"YES","completionStatus":"Complete","vaccineGroup":"Hep B NOS","testerComment":""},{"vaccineAdministered":"HIB PRP-T","dateAdministered":"03/14/2009","validityReason":"Too Young","validDose":"NO","completionStatus":"Complete","vaccineGroup":"HIB NOS","testerComment":""},{"vaccineAdministered":"DTAP-Hep B-IPV","dateAdministered":"10/11/2009","validityReason":"","validDose":"YES","completionStatus":"Complete","vaccineGroup":"Hep B NOS","testerComment":""},{"vaccineAdministered":"DTAP-Hep B-IPV","dateAdministered":"10/11/2009","validityReason":"","validDose":"YES","completionStatus":"Complete","vaccineGroup":"IPV","testerComment":""},{"vaccineAdministered":"DTAP-Hep B-IPV","dateAdministered":"10/11/2009","validityReason":"","validDose":"YES","completionStatus":"Complete","vaccineGroup":"DTAP","testerComment":""},{"vaccineAdministered":"Hep BPEDS","dateAdministered":"04/11/2010","validityReason":"","validDose":"YES","completionStatus":"Complete","vaccineGroup":"Hep B NOS","testerComment":""},{"vaccineAdministered":"MMR","dateAdministered":"04/15/2010","validityReason":"","validDose":"YES","completionStatus":"Complete","vaccineGroup":"MMR","testerComment":""}],"immunizationForecast":[{"latestDate":"","dueDate":"02/14/2015","earlyDate":"06/14/2010","vaccineGroup":"MMR","testerComment":""},{"latestDate":"","dueDate":"02/14/2010","earlyDate":"","vaccineGroup":"IPV","testerComment":""},{"latestDate":"","dueDate":"02/14/2010","earlyDate":"","vaccineGroup":"DTAP","testerComment":""}],"immunizationScheduleUsed":{"immunizationSchedule":"ACIP","testerComment":""}}}