{
"version" : "2.9.11",
"profile" : "VXU_V04",
"tables":
[
		{
			"title":"Patient Information",
			"elements" : 
			[
				{"element" : "Patient Name", "data" : "Katherine Mackenzie Benton"},
				{"element" : "Mother's Maiden Name", "data" : "Jones"},
				{"element" : "ID Number", "data" : "89778 "},
				{"element" : "Date/Time of Birth", "data" : "12/21/2003"},
				{"element" : "Administrative Sex", "data" : "Female"},
				{"element" : "Patient Address ", "data" : "89 West 21st Ave Bozeman MT 59715 USA
"},
				{"element" : "Local Number", "data" : "(406)555-4019"},
				{"element" : "Race", "data" : "White"},
				{"element" : "Ethnic Group", "data" : "Not Hispanic or Latino"},
				{"element" : "Multiple Birth Indicator", "data" : "No"},
				{"element" : "Birth Order", "data" : "1"}
			]
		},
		{
			"title":"Immunization Registry Information",
			"elements" : 
			[
				{"element" : "Immunization Registry Status", "data" : "Active"},
				{"element" : "Immunization Registry Status Effective Date", "data" : "12/21/2003"},
				{"element" : "Publicity Code", "data" : "No reminder/recall"},
				{"element" : "Publicity Code Effective Date", "data" : "06/24/2015"},
				{"element" : "Protection Indicator", "data" : "Yes"},
				{"element" : "Protection Indicator Effective Date", "data" : "06/24/2015"}
			]
		},
		{
			"title":"Guardian or Responsible Party",
			"elements" : 
			[
				{"element" : "Name", "data" : "Kari Michelle Benton"},
				{"element" : "Relationship", "data" : "Mother"},
				{"element" : "Address", "data" : "89 West 21st Ave Bozeman MT 59715 USA "},
				{"element" : "Phone Number", "data" : "(406)555-4019"},		]
		},
		{
			"title":"Vaccine Administration Information",
			"elements" : 
			[
				{"element" : "Administered Vaccine", "data" : "GARDASIL 9"},
				{"element" : "Date/Time Start of Administration", "data" : "06/24/2015"},
				{"element" : "Administered Amount", "data" : "0.5"},
				{"element" : "Administered Units", "data" : "mL"},
				{"element" : "Administration Notes", "data" : "New Record"},
				{"element" : "Administering Provider", "data" : "Lily Jackson"},
				{"element" : "Substance Lot Number", "data" : "795441"},
				{"element" : "Substance Expiration Date", "data" : "12/23/2015"},
				{"element" : "Substance Manufacturer Name", "data" : "Merck and Co., Inc."},
				{"element" : "Substance/Treatment Refusal Reason", "data" : ""},
				{"element" : "Completion Status", "data" : "Complete"},
				{"element" : "Action Code", "data" : "Add"},
				{"element" : "Route", "data" : "Intramuscular"},
				{"element" : "Administration Site", "data" : "Right Deltoid"},
				{"element" : "Entering Organization", "data" : "NISTEHRFacility"},
				{"element" : "Entered By", "data" : "Lily Jackson"},
				{"element" : "Ordered By", "data" : "Wilma Thomas"},
					{"element" : "obx", "data" : 
					{
						"title":"Observations",
						"elements" : 
						[
							{"element" : "Vaccine Funding Source", "data" : "Public"},
							{"element" : "", "data" : ""},
							{"element" : "Vaccine Funding Program Eligibility", "data" : "VFC Eligible
- Underinsured"},
							{"element" : "", "data" : ""},
							{"element" : "Document Type", "data" : "HPV Vaccine VIS"},
							{"element" : "Date Vis Presented", "data" : "06/24/2015"},
	
	]					}
					}
		]
					}
					}
		]

		}
]
}